"tanggal","pm10","so2","co","o3","no2","max","critical","categori","lokasi_spku"
"1/8/2018","86","31","21","129","24","129","o3","TIDAK SEHAT","DKI5"
"2/8/2018","68","31","18","207","20","207","o3","SANGAT TIDAK SEHAT","DKI5"
"3/8/2018","68","32","16","211","17","211","o3","SANGAT TIDAK SEHAT","DKI2"
"4/8/2018","59","31","16","194","16","194","o3","TIDAK SEHAT","DKI5"
"5/8/2018","65","35","14","203","16","203","o3","SANGAT TIDAK SEHAT","DKI2"
"6/8/2018","71","34","13","202","23","202","o3","SANGAT TIDAK SEHAT","DKI2"
"7/8/2018","79","35","21","162","25","162","o3","TIDAK SEHAT","DKI5"
"8/8/2018","92","33","28","144","29","144","o3","TIDAK SEHAT","DKI5"
"9/8/2018","75","37","22","186","18","186","o3","TIDAK SEHAT","DKI5"
"10/8/2018","65","33","18","165","17","165","o3","TIDAK SEHAT","DKI2"
"11/8/2018","69","31","17","126","19","126","o3","TIDAK SEHAT","DKI3"
"12/8/2018","77","31","20","127","15","127","o3","TIDAK SEHAT","DKI5"
"8/13/2018","66","30","14","134","14","134","o3","TIDAK SEHAT","DKI5"
"8/14/2018","74","31","19","151","13","151","o3","TIDAK SEHAT","DKI5"
"8/15/2018","62","30","15","185","16","185","o3","TIDAK SEHAT","DKI5"
"8/16/2018","72","31","17","140","15","140","o3","TIDAK SEHAT","DKI5"
"8/17/2018","62","31","15","154","13","154","o3","TIDAK SEHAT","DKI5"
"8/18/2018","62","30","14","143","14","143","o3","TIDAK SEHAT","DKI5"
"8/19/2018","79","32","20","149","13","149","o3","TIDAK SEHAT","DKI5"
"8/20/2018","80","30","19","101","11","101","o3","TIDAK SEHAT","DKI5"
"8/21/2018","73","32","16","122","11","122","o3","TIDAK SEHAT","DKI3"
"8/22/2018","62","31","16","164","9","164","o3","TIDAK SEHAT","DKI5"
"8/23/2018","62","30","17","161","16","161","o3","TIDAK SEHAT","DKI5"
"8/24/2018","81","32","22","110","18","110","o3","TIDAK SEHAT","DKI5"
"8/25/2018","76","31","19","202","13","202","o3","SANGAT TIDAK SEHAT","DKI5"
"8/26/2018","75","30","16","131","12","131","o3","TIDAK SEHAT","DKI5"
"8/27/2018","79","31","20","166","13","166","o3","TIDAK SEHAT","DKI5"
"8/28/2018","83","31","17","182","13","182","o3","TIDAK SEHAT","DKI5"
"8/29/2018","67","30","16","161","13","161","o3","TIDAK SEHAT","DKI5"
"8/30/2018","85","31","17","153","16","153","o3","TIDAK SEHAT","DKI2"
"8/31/2018","65","30","18","130","11","130","o3","TIDAK SEHAT","DKI5"
"1/4/2018","45","25","17","57","13","57","o3","SEDANG","DKI5"
"2/4/2018","46","27","18","57","19","57","o3","SEDANG","DKI5"
"3/4/2018","50","26","27","80","26","80","o3","SEDANG","DKI5"
"4/4/2018","45","28","20","96","28","96","o3","SEDANG","DKI5"
"5/4/2018","81","37","29","202","18","202","o3","SANGAT TIDAK SEHAT","DKI5"
"6/4/2018","56","29","21","144","12","144","o3","TIDAK SEHAT","DKI5"
"7/4/2018","68","31","29","74","12","74","o3","SEDANG","DKI3"
"8/4/2018","45","28","16","51","12","51","o3","SEDANG","DKI3"
"9/4/2018","53","33","20","85","11","85","o3","SEDANG","DKI3"
"10/4/2018","52","36","19","66","15","66","o3","SEDANG","DKI3"
"11/4/2018","71","33","23","92","13","92","o3","SEDANG","DKI3"
"12/4/2018","69","58","16","57","14","69","pm10","SEDANG","DKI2"
"4/13/2018","54","56","16","121","11","121","o3","TIDAK SEHAT","DKI5"
"4/14/2018","51","22","21","141","12","141","o3","TIDAK SEHAT","DKI5"
"4/15/2018","59","27","23","168","13","168","o3","TIDAK SEHAT","DKI5"
"4/16/2018","65","33","27","185","18","185","o3","TIDAK SEHAT","DKI5"
"4/17/2018","63","26","24","142","16","142","o3","TIDAK SEHAT","DKI5"
"4/18/2018","81","29","26","80","23","81","pm10","SEDANG","DKI4"
"4/19/2018","86","27","33","133","22","133","o3","TIDAK SEHAT","DKI5"
"4/20/2018","76","24","30","92","18","92","o3","SEDANG","DKI5"
"4/21/2018","73","26","43","162","25","162","o3","TIDAK SEHAT","DKI5"
"4/22/2018","70","26","29","117","18","117","o3","TIDAK SEHAT","DKI5"
"4/23/2018","51","22","30","84","16","84","o3","SEDANG","DKI5"
"4/24/2018","61","23","33","90","34","90","o3","SEDANG","DKI5"
"4/25/2018","69","23","37","48","18","69","pm10","SEDANG","DKI1"
"4/26/2018","71","30","34","56","25","71","pm10","SEDANG","DKI1"
"4/27/2018","62","23","22","48","16","62","pm10","SEDANG","DKI2"
"4/28/2018","57","25","23","96","16","96","o3","SEDANG","DKI5"
"4/29/2018","67","23","26","120","18","120","o3","TIDAK SEHAT","DKI5"
"4/30/2018","78","24","29","89","22","89","o3","SEDANG","DKI4"
"1/2/2018","44","43","37","73","13","73","o3","SEDANG","DKI5"
"2/2/2018","47","45","56","68","12","68","o3","SEDANG","DKI3"
"3/2/2018","42","44","35","59","12","59","o3","SEDANG","DKI5"
"4/2/2018","35","47","35","57","12","57","o3","SEDANG","DKI5"
"5/2/2018","31","46","32","66","9","66","o3","SEDANG","DKI5"
"6/2/2018","45","48","71","75","16","75","o3","SEDANG","DKI5"
"7/2/2018","42","50","60","89","14","89","o3","SEDANG","DKI5"
"8/2/2018","55","49","62","89","22","89","o3","SEDANG","DKI5"
"9/2/2018","53","24","88","65","14","88","co","SEDANG","DKI5"
"10/2/2018","43","24","52","58","16","58","o3","SEDANG","DKI5"
"11/2/2018","48","25","39","56","12","56","o3","SEDANG","DKI5"
"12/2/2018","50","21","56","70","12","70","o3","SEDANG","DKI5"
"2/13/2018","57","21","32","75","13","75","o3","SEDANG","DKI5"
"2/14/2018","60","22","27","80","17","80","o3","SEDANG","DKI5"
"2/15/2018","55","22","63","58","15","63","co","SEDANG","DKI5"
"2/16/2018","22","22","23","68","14","68","o3","SEDANG","DKI5"
"2/17/2018","53","24","23","48","14","53","pm10","SEDANG","DKI4"
"2/18/2018","40","23","23","80","9","80","o3","SEDANG","DKI5"
"2/19/2018","45","24","20","65","14","65","o3","SEDANG","DKI5"
"2/20/2018","52","32","35","62","14","62","o3","SEDANG","DKI5"
"2/21/2018","57","26","22","66","26","66","o3","SEDANG","DKI2"
"2/22/2018","53","26","66","47","19","66","co","SEDANG","DKI5"
"2/23/2018","64","26","88","61","14","88","co","SEDANG","DKI5"
"2/24/2018","47","23","22","76","11","76","o3","SEDANG","DKI3"
"2/25/2018","48","26","20","91","11","91","o3","SEDANG","DKI5"
"2/26/2018","46","25","33","80","15","80","o3","SEDANG","DKI5"
"2/27/2018","47","25","42","64","17","64","o3","SEDANG","DKI3"
"2/28/2018","56","28","56","80","16","80","o3","SEDANG","DKI3"
"1/1/2018","76","31","38","35","9","76","pm10","SEDANG","DKI4"
"2/1/2018","23","31","24","39","14","39","o3","BAIK","DKI3"
"3/1/2018","53","35","35","101","23","101","o3","TIDAK SEHAT","DKI3"
"4/1/2018","53","49","34","57","15","57","o3","SEDANG","DKI3"
"5/1/2018","44","32","26","28","10","44","pm10","BAIK","DKI4"
"6/1/2018","20","30","22","31","5","31","o3","BAIK","DKI5"
"7/1/2018","26","30","14","46","5","46","o3","BAIK","DKI5"
"8/1/2018","62","33","19","73","17","73","o3","SEDANG","DKI5"
"9/1/2018","45","32","16","63","14","63","o3","SEDANG","DKI3"
"10/1/2018","42","34","16","95","17","95","o3","SEDANG","DKI5"
"11/1/2018","40","38","18","81","19","81","o3","SEDANG","DKI5"
"12/1/2018","37","33","18","83","17","83","o3","SEDANG","DKI5"
"1/13/2018","51","30","17","93","21","93","o3","SEDANG","DKI5"
"1/14/2018","33","72","17","73","14","73","o3","SEDANG","DKI5"
"1/15/2018","30","72","19","70","12","72","so2","SEDANG","DKI4"
"1/16/2018","25","70","19","61","10","70","so2","SEDANG","DKI4"
"1/17/2018","35","52","19","60","13","60","o3","SEDANG","DKI5"
"1/18/2018","41","52","22","56","15","56","o3","SEDANG","DKI5"
"1/19/2018","46","51","29","48","19","51","so2","SEDANG","DKI4"
"1/20/2018","27","51","18","38","7","51","so2","SEDANG","DKI4"
"1/21/2018","25","51","18","40","8","51","so2","SEDANG","DKI4"
"1/22/2018","26","52","17","32","6","52","so2","SEDANG","DKI4"
"1/23/2018","28","52","17","57","9","57","o3","SEDANG","DKI5"
"1/24/2018","33","53","20","86","19","86","o3","SEDANG","DKI5"
"1/25/2018","26","53","22","51","15","53","so2","SEDANG","DKI4"
"1/26/2018","21","53","19","41","7","53","so2","SEDANG","DKI4"
"1/27/2018","27","54","19","63","6","63","o3","SEDANG","DKI5"
"1/28/2018","34","55","20","52","6","55","so2","SEDANG","DKI4"
"1/29/2018","22","54","18","39","7","54","so2","SEDANG","DKI4"
"1/30/2018","27","41","22","41","7","41","so2","BAIK","DKI5"
"1/31/2018","28","54","21","58","12","58","o3","SEDANG","DKI5"
"1/7/2018","96","28","27","205","20","205","o3","SANGAT TIDAK SEHAT","DKI5"
"2/7/2018","79","29","28","142","20","142","o3","TIDAK SEHAT","DKI5"
"3/7/2018","79","29","23","166","16","166","o3","TIDAK SEHAT","DKI2"
"4/7/2018","104","31","24","209","19","209","o3","SANGAT TIDAK SEHAT","DKI2"
"5/7/2018","63","29","16","123","13","123","o3","TIDAK SEHAT","DKI5"
"6/7/2018","74","31","16","113","19","113","o3","TIDAK SEHAT","DKI5"
"7/7/2018","95","32","32","104","24","104","o3","TIDAK SEHAT","DKI5"
"8/7/2018","95","29","32","111","22","111","o3","TIDAK SEHAT","DKI2"
"9/7/2018","69","29","17","116","17","116","o3","TIDAK SEHAT","DKI5"
"10/7/2018","87","29","19","124","16","124","o3","TIDAK SEHAT","DKI2"
"11/7/2018","73","32","17","129","20","129","o3","TIDAK SEHAT","DKI2"
"12/7/2018","74","32","16","117","18","117","o3","TIDAK SEHAT","DKI5"
"7/13/2018","80","30","17","107","18","107","o3","TIDAK SEHAT","DKI2"
"7/14/2018","84","33","19","117","19","117","o3","TIDAK SEHAT","DKI2"
"7/15/2018","63","29","14","129","11","129","o3","TIDAK SEHAT","DKI2"
"7/16/2018","61","33","14","222","18","222","o3","SANGAT TIDAK SEHAT","DKI5"
"7/17/2018","81","30","20","205","19","205","o3","SANGAT TIDAK SEHAT","DKI5"
"7/18/2018","88","29","25","208","20","208","o3","SANGAT TIDAK SEHAT","DKI5"
"7/19/2018","82","30","19","188","19","188","o3","TIDAK SEHAT","DKI5"
"7/20/2018","79","30","16","113","18","113","o3","TIDAK SEHAT","DKI5"
"7/21/2018","74","32","14","151","16","151","o3","TIDAK SEHAT","DKI5"
"7/22/2018","77","29","22","166","15","166","o3","TIDAK SEHAT","DKI5"
"7/23/2018","63","25","23","191","22","191","o3","TIDAK SEHAT","DKI5"
"7/24/2018","92","32","23","184","22","184","o3","TIDAK SEHAT","DKI5"
"7/25/2018","75","29","23","153","17","153","o3","TIDAK SEHAT","DKI5"
"7/26/2018","78","33","22","168","20","168","o3","TIDAK SEHAT","DKI5"
"7/27/2018","86","31","19","197","18","197","o3","TIDAK SEHAT","DKI5"
"7/28/2018","92","32","31","234","20","234","o3","SANGAT TIDAK SEHAT","DKI5"
"7/29/2018","77","30","23","202","20","202","o3","SANGAT TIDAK SEHAT","DKI5"
"7/30/2018","92","31","23","174","27","174","o3","TIDAK SEHAT","DKI5"
"7/31/2018","79","29","22","156","21","156","o3","TIDAK SEHAT","DKI5"
"1/6/2018","75","27","30","115","15","115","o3","TIDAK SEHAT","DKI5"
"2/6/2018","78","26","14","86","18","86","o3","SEDANG","DKI5"
"3/6/2018","82","26","16","145","17","145","o3","TIDAK SEHAT","DKI5"
"4/6/2018","73","27","11","125","19","125","o3","TIDAK SEHAT","DKI5"
"5/6/2018","69","26","13","146","14","146","o3","TIDAK SEHAT","DKI5"
"6/6/2018","78","26","16","133","13","133","o3","TIDAK SEHAT","DKI5"
"7/6/2018","79","25","21","179","18","179","o3","TIDAK SEHAT","DKI5"
"8/6/2018","68","27","16","162","17","162","o3","TIDAK SEHAT","DKI5"
"9/6/2018","100","27","39","167","22","167","o3","TIDAK SEHAT","DKI5"
"10/6/2018","75","27","28","203","17","203","o3","SANGAT TIDAK SEHAT","DKI2"
"11/6/2018","74","27","14","169","14","169","o3","TIDAK SEHAT","DKI2"
"12/6/2018","67","26","18","161","13","161","o3","TIDAK SEHAT","DKI2"
"6/13/2018","64","25","30","163","16","163","o3","TIDAK SEHAT","DKI5"
"6/14/2018","56","25","18","144","7","144","o3","TIDAK SEHAT","DKI5"
"6/15/2018","60","26","21","161","8","161","o3","TIDAK SEHAT","DKI2"
"6/16/2018","61","37","31","139","17","139","o3","TIDAK SEHAT","DKI2"
"6/17/2018","49","27","11","88","8","88","o3","SEDANG","DKI5"
"6/18/2018","51","27","10","75","10","75","o3","SEDANG","DKI5"
"6/19/2018","60","26","13","97","10","97","o3","SEDANG","DKI5"
"6/20/2018","73","26","16","86","10","86","o3","SEDANG","DKI5"
"6/21/2018","51","27","11","70","5","70","o3","SEDANG","DKI5"
"6/22/2018","66","28","17","94","13","94","o3","SEDANG","DKI5"
"6/23/2018","81","27","14","77","10","81","pm10","SEDANG","DKI4"
"6/24/2018","50","25","15","110","10","110","o3","TIDAK SEHAT","DKI5"
"6/25/2018","35","25","14","100","11","100","o3","SEDANG","DKI5"
"6/26/2018","56","26","43","107","23","107","o3","TIDAK SEHAT","DKI2"
"6/27/2018","60","26","23","136","19","136","o3","TIDAK SEHAT","DKI5"
"6/28/2018","69","27","24","146","10","146","o3","TIDAK SEHAT","DKI5"
"6/29/2018","73","28","18","213","20","213","o3","SANGAT TIDAK SEHAT","DKI5"
"6/30/2018","67","30","17","193","15","193","o3","TIDAK SEHAT","DKI2"
"1/3/2018","72","24","40","126","19","126","o3","TIDAK SEHAT","DKI5"
"2/3/2018","51","29","34","146","17","146","o3","TIDAK SEHAT","DKI2"
"3/3/2018","62","30","37","109","18","109","o3","TIDAK SEHAT","DKI5"
"4/3/2018","60","30","64","194","19","194","o3","TIDAK SEHAT","DKI5"
"5/3/2018","61","23","48","79","20","79","o3","SEDANG","DKI5"
"6/3/2018","64","28","30","103","16","103","o3","TIDAK SEHAT","DKI3"
"7/3/2018","66","26","48","76","21","76","o3","SEDANG","DKI3"
"8/3/2018","55","29","47","107","22","107","o3","TIDAK SEHAT","DKI5"
"9/3/2018","59","30","59","81","27","81","o3","SEDANG","DKI5"
"10/3/2018","60","25","27","54","12","60","pm10","SEDANG","DKI3"
"11/3/2018","56","25","18","63","10","63","o3","SEDANG","DKI5"
"12/3/2018","39","24","20","46","9","46","o3","BAIK","DKI5"
"3/13/2018","49","28","20","61","8","61","o3","SEDANG","DKI3"
"3/14/2018","62","31","20","89","11","89","o3","SEDANG","DKI3"
"3/15/2018","68","37","24","136","30","136","o3","TIDAK SEHAT","DKI2"
"3/16/2018","75","30","20","191","15","191","o3","TIDAK SEHAT","DKI5"
"3/17/2018","71","32","24","155","20","155","o3","TIDAK SEHAT","DKI5"
"3/18/2018","72","31","54","195","14","195","o3","TIDAK SEHAT","DKI5"
"3/19/2018","50","27","21","156","15","156","o3","TIDAK SEHAT","DKI5"
"3/20/2018","51","29","23","202","22","202","o3","SANGAT TIDAK SEHAT","DKI5"
"3/21/2018","62","25","31","87","14","87","o3","SEDANG","DKI2"
"3/22/2018","30","25","18","51","9","51","o3","SEDANG","DKI3"
"3/23/2018","75","44","49","94","21","94","o3","SEDANG","DKI5"
"3/24/2018","66","30","23","55","17","66","pm10","SEDANG","DKI1"
"3/25/2018","36","24","16","64","19","64","o3","SEDANG","DKI2"
"3/26/2018","51","27","24","90","19","90","o3","SEDANG","DKI2"
"3/27/2018","41","24","20","94","7","94","o3","SEDANG","DKI2"
"3/28/2018","75","31","42","195","26","195","o3","TIDAK SEHAT","DKI2"
"3/29/2018","71","34","26","129","19","129","o3","TIDAK SEHAT","DKI2"
"3/30/2018","56","30","34","105","30","105","o3","TIDAK SEHAT","DKI2"
"3/31/2018","39","48","15","67","8","67","o3","SEDANG","DKI5"
"1/5/2018","73","25","19","101","18","101","o3","TIDAK SEHAT","DKI5"
"2/5/2018","88","25","22","183","18","183","o3","TIDAK SEHAT","DKI5"
"3/5/2018","103","27","23","166","20","166","o3","TIDAK SEHAT","DKI5"
"4/5/2018","91","27","46","164","23","164","o3","TIDAK SEHAT","DKI5"
"5/5/2018","78","26","27","137","17","137","o3","TIDAK SEHAT","DKI5"
"6/5/2018","70","26","17","109","15","109","o3","TIDAK SEHAT","DKI5"
"7/5/2018","68","27","17","77","16","77","o3","SEDANG","DKI5"
"8/5/2018","79","26","21","204","17","204","o3","SANGAT TIDAK SEHAT","DKI5"
"9/5/2018","93","27","21","156","20","156","o3","TIDAK SEHAT","DKI5"
"10/5/2018","73","25","18","107","15","107","o3","TIDAK SEHAT","DKI5"
"11/5/2018","74","27","16","83","18","83","o3","SEDANG","DKI5"
"12/5/2018","103","27","29","144","21","144","o3","TIDAK SEHAT","DKI5"
"5/13/2018","96","26","26","131","14","131","o3","TIDAK SEHAT","DKI5"
"5/14/2018","87","26","20","178","13","178","o3","TIDAK SEHAT","DKI5"
"5/15/2018","94","27","25","143","17","143","o3","TIDAK SEHAT","DKI5"
"5/16/2018","87","28","23","151","16","151","o3","TIDAK SEHAT","DKI5"
"5/17/2018","65","25","19","80","16","80","o3","SEDANG","DKI3"
"5/18/2018","78","26","26","86","11","86","o3","SEDANG","DKI5"
"5/19/2018","59","24","13","102","10","102","o3","TIDAK SEHAT","DKI5"
"5/20/2018","61","25","29","98","12","98","o3","SEDANG","DKI5"
"5/21/2018","60","25","20","185","16","185","o3","TIDAK SEHAT","DKI5"
"5/22/2018","58","25","14","80","10","80","o3","SEDANG","DKI5"
"5/23/2018","58","26","12","74","12","74","o3","SEDANG","DKI5"
"5/24/2018","42","25","12","94","10","94","o3","SEDANG","DKI5"
"5/25/2018","66","26","22","92","11","92","o3","SEDANG","DKI5"
"5/26/2018","71","29","24","119","13","119","o3","TIDAK SEHAT","DKI5"
"5/27/2018","62","26","23","156","10","156","o3","TIDAK SEHAT","DKI5"
"5/28/2018","81","24","55","120","33","120","o3","TIDAK SEHAT","DKI2"
"5/29/2018","84","31","21","118","20","118","o3","TIDAK SEHAT","DKI5"
"5/30/2018","86","25","24","191","20","191","o3","TIDAK SEHAT","DKI5"
"5/31/2018","83","28","21","183","20","183","o3","TIDAK SEHAT","DKI2"
"1/11/2018","74","27","35","95","16","95","o3","SEDANG","DKI2"
"2/11/2018","50","26","21","85","13","85","o3","SEDANG","DKI3"
"3/11/2018","76","29","24","173","14","173","o3","TIDAK SEHAT","DKI2"
"4/11/2018","56","26","31","110","18","110","o3","TIDAK SEHAT","DKI5"
"5/11/2018","56","24","23","101","17","101","o3","TIDAK SEHAT","DKI3"
"6/11/2018","53","28","20","122","12","122","o3","TIDAK SEHAT","DKI2"
"7/11/2018","59","28","26","96","30","96","o3","SEDANG","DKI5"
"8/11/2018","63","32","24","89","21","89","o3","SEDANG","DKI3"
"9/11/2018","61","24","22","98","16","98","o3","SEDANG","DKI3"
"10/11/2018","60","24","36","166","19","166","o3","TIDAK SEHAT","DKI3"
"11/11/2018","71","40","35","104","16","104","o3","TIDAK SEHAT","DKI3"
"12/11/2018","66","24","31","144","15","144","o3","TIDAK SEHAT","DKI2"
"11/13/2018","66","23","31","129","23","129","o3","TIDAK SEHAT","DKI2"
"11/14/2018","60","23","25","65","17","65","o3","SEDANG","DKI2"
"11/15/2018","40","23","20","51","8","51","o3","SEDANG","DKI2"
"11/16/2018","54","31","22","234","16","234","o3","SANGAT TIDAK SEHAT","DKI2"
"11/17/2018","65","36","18","145","16","145","o3","TIDAK SEHAT","DKI2"
"11/18/2018","59","28","22","120","16","120","o3","TIDAK SEHAT","DKI3"
"11/19/2018","81","25","31","90","17","90","o3","SEDANG","DKI3"
"11/20/2018","56","25","21","94","16","94","o3","SEDANG","DKI2"
"11/21/2018","66","31","21","163","22","163","o3","TIDAK SEHAT","DKI2"
"11/22/2018","69","26","25","129","20","129","o3","TIDAK SEHAT","DKI2"
"11/23/2018","66","27","26","203","22","203","o3","SANGAT TIDAK SEHAT","DKI2"
"11/24/2018","61","24","38","193","22","193","o3","TIDAK SEHAT","DKI2"
"11/25/2018","57","25","21","77","15","77","o3","SEDANG","DKI3"
"11/26/2018","73","24","26","90","20","90","o3","SEDANG","DKI3"
"11/27/2018","63","24","28","126","19","126","o3","TIDAK SEHAT","DKI3"
"11/28/2018","63","26","22","109","17","109","o3","TIDAK SEHAT","DKI2"
"11/29/2018","62","27","33","76","26","76","o3","SEDANG","DKI3"
"11/30/2018","53","24","20","131","15","131","o3","TIDAK SEHAT","DKI3"
"1/10/2018","92","33","17","124","12","124","o3","TIDAK SEHAT","DKI5"
"2/10/2018","76","41","22","88","21","88","o3","SEDANG","DKI5"
"3/10/2018","70","32","20","144","11","144","o3","TIDAK SEHAT","DKI5"
"4/10/2018","73","32","24","109","11","109","o3","TIDAK SEHAT","DKI5"
"5/10/2018","67","34","18","146","13","146","o3","TIDAK SEHAT","DKI5"
"6/10/2018","70","33","21","123","12","123","o3","TIDAK SEHAT","DKI5"
"7/10/2018","87","34","22","128","12","128","o3","TIDAK SEHAT","DKI5"
"8/10/2018","66","34","19","185","12","185","o3","TIDAK SEHAT","DKI5"
"9/10/2018","62","34","19","173","11","173","o3","TIDAK SEHAT","DKI5"
"10/10/2018","79","36","24","190","18","190","o3","TIDAK SEHAT","DKI5"
"11/10/2018","81","36","17","149","13","149","o3","TIDAK SEHAT","DKI5"
"12/10/2018","77","35","22","118","16","118","o3","TIDAK SEHAT","DKI5"
"10/13/2018","64","35","20","189","25","189","o3","TIDAK SEHAT","DKI2"
"10/14/2018","86","35","20","138","16","138","o3","TIDAK SEHAT","DKI5"
"10/15/2018","73","33","19","119","12","119","o3","TIDAK SEHAT","DKI5"
"10/16/2018","74","33","23","210","19","210","o3","SANGAT TIDAK SEHAT","DKI5"
"10/17/2018","75","34","23","217","19","217","o3","SANGAT TIDAK SEHAT","DKI5"
"10/18/2018","72","36","20","207","22","207","o3","SANGAT TIDAK SEHAT","DKI5"
"10/19/2018","66","30","23","146","17","146","o3","TIDAK SEHAT","DKI5"
"10/20/2018","57","31","18","212","14","212","o3","SANGAT TIDAK SEHAT","DKI5"
"10/21/2018","65","33","22","139","17","139","o3","TIDAK SEHAT","DKI5"
"10/22/2018","71","28","21","150","12","150","o3","TIDAK SEHAT","DKI5"
"10/23/2018","44","26","19","148","16","148","o3","TIDAK SEHAT","DKI2"
"10/24/2018","73","35","31","139","21","139","o3","TIDAK SEHAT","DKI2"
"10/25/2018","67","30","25","97","19","97","o3","SEDANG","DKI5"
"10/26/2018","67","29","20","119","21","119","o3","TIDAK SEHAT","DKI2"
"10/27/2018","77","26","26","104","11","104","o3","TIDAK SEHAT","DKI3"
"10/28/2018","43","23","20","90","16","90","o3","SEDANG","DKI3"
"10/29/2018","49","25","24","85","13","85","o3","SEDANG","DKI3"
"10/30/2018","61","31","25","104","10","104","o3","TIDAK SEHAT","DKI3"
"10/31/2018","57","27","20","97","15","97","o3","SEDANG","DKI3"
"1/9/2018","68","29","20","145","13","145","o3","TIDAK SEHAT","DKI5"
"2/9/2018","73","30","20","136","11","136","o3","TIDAK SEHAT","DKI5"
"3/9/2018","62","37","23","175","24","175","o3","TIDAK SEHAT","DKI5"
"4/9/2018","52","37","22","217","24","217","o3","SANGAT TIDAK SEHAT","DKI5"
"5/9/2018","53","31","15","140","24","140","o3","TIDAK SEHAT","DKI5"
"6/9/2018","82","44","25","148","17","148","o3","TIDAK SEHAT","DKI5"
"7/9/2018","69","33","21","147","10","147","o3","TIDAK SEHAT","DKI5"
"8/9/2018","51","33","19","175","16","175","o3","TIDAK SEHAT","DKI5"
"9/9/2018","81","34","30","126","16","126","o3","TIDAK SEHAT","DKI5"
"10/9/2018","69","33","20","132","12","132","o3","TIDAK SEHAT","DKI5"
"11/9/2018","63","33","16","102","11","102","o3","TIDAK SEHAT","DKI5"
"12/9/2018","61","32","16","164","13","164","o3","TIDAK SEHAT","DKI2"
"9/13/2018","70","46","19","190","13","190","o3","TIDAK SEHAT","DKI5"
"9/14/2018","62","44","18","233","17","233","o3","SANGAT TIDAK SEHAT","DKI2"
"9/15/2018","68","37","17","196","23","196","o3","TIDAK SEHAT","DKI2"
"9/16/2018","82","34","15","119","11","119","o3","TIDAK SEHAT","DKI2"
"9/17/2018","62","33","17","83","14","83","o3","SEDANG","DKI5"
"9/18/2018","64","32","18","141","11","141","o3","TIDAK SEHAT","DKI5"
"9/19/2018","58","34","16","85","11","85","o3","SEDANG","DKI5"
"9/20/2018","70","34","19","77","12","77","o3","SEDANG","DKI5"
"9/21/2018","80","33","34","75","12","80","pm10","SEDANG","DKI4"
"9/22/2018","58","33","25","157","13","157","o3","TIDAK SEHAT","DKI5"
"9/23/2018","84","33","29","130","14","130","o3","TIDAK SEHAT","DKI5"
"9/24/2018","69","33","25","152","21","152","o3","TIDAK SEHAT","DKI5"
"9/25/2018","78","32","31","197","16","197","o3","TIDAK SEHAT","DKI5"
"9/26/2018","94","50","26","202","21","202","o3","SANGAT TIDAK SEHAT","DKI5"
"9/27/2018","72","37","21","146","18","146","o3","TIDAK SEHAT","DKI5"
"9/28/2018","70","33","22","194","17","194","o3","TIDAK SEHAT","DKI5"
"9/29/2018","62","33","21","165","15","165","o3","TIDAK SEHAT","DKI5"
"9/30/2018","63","32","20","145","11","145","o3","TIDAK SEHAT","DKI5"
"1/12/2018","60","26","27","112","17","112","o3","TIDAK SEHAT","DKI3"
"2/12/2018","73","36","22","132","21","132","o3","TIDAK SEHAT","DKI2"
"3/12/2018","65","31","21","97","20","97","o3","SEDANG","DKI2"
"4/12/2018","64","24","31","71","21","71","o3","SEDANG","DKI1"
"5/12/2018","62","25","33","81","22","81","o3","SEDANG","DKI5"
"6/12/2018","61","27","33","94","17","94","o3","SEDANG","DKI3"
"7/12/2018","59","40","29","134","15","134","o3","TIDAK SEHAT","DKI3"
"8/12/2018","68","25","30","134","27","134","o3","TIDAK SEHAT","DKI2"
"9/12/2018","60","25","25","104","19","104","o3","TIDAK SEHAT","DKI2"
"10/12/2018","68","24","32","137","19","137","o3","TIDAK SEHAT","DKI2"
"11/12/2018","82","26","50","123","34","123","o3","TIDAK SEHAT","DKI2"
"12/12/2018","58","26","31","214","22","214","o3","SANGAT TIDAK SEHAT","DKI2"
"12/13/2018","52","26","24","117","26","117","o3","TIDAK SEHAT","DKI2"
"12/14/2018","50","24","21","92","18","92","o3","SEDANG","DKI3"
"12/15/2018","37","24","16","47","6","47","o3","BAIK","DKI2"
"12/16/2018","46","25","11","63","9","63","o3","SEDANG","DKI2"
"12/17/2018","41","30","12","128","12","128","o3","TIDAK SEHAT","DKI2"
"12/18/2018","51","27","16","160","14","160","o3","TIDAK SEHAT","DKI2"
"12/19/2018","62","27","24","195","19","195","o3","TIDAK SEHAT","DKI2"
"12/20/2018","55","27","24","97","18","97","o3","SEDANG","DKI3"
"12/21/2018","41","25","19","64","17","64","o3","SEDANG","DKI3"
"12/22/2018","58","32","21","66","18","66","o3","SEDANG","DKI3"
"12/23/2018","48","26","19","44","21","48","pm10","BAIK","DKI1"
"12/24/2018","34","24","9","45","5","45","o3","BAIK","DKI3"
"12/25/2018","29","24","7","70","4","70","o3","SEDANG","DKI3"
"12/26/2018","31","25","7","69","5","69","o3","SEDANG","DKI3"
"12/27/2018","29","25","15","55","6","55","o3","SEDANG","DKI1"
"12/28/2018","33","24","7","63","3","63","o3","SEDANG","DKI1"
"12/29/2018","30","24","6","50","8","50","o3","BAIK","DKI3"
"12/30/2018","48","12","6","53","4","53","o3","SEDANG","DKI3"
"12/31/2018","44","18","6","43","4","44","pm10","BAIK","DKI3"
"8/1/2019","71","27","22","115","18","115","o3","TIDAK SEHAT","DKI5"
"8/2/2019","76","28","22","96","20","96","o3","SEDANG","DKI5"
"8/3/2019","77","28","20","92","19","92","o3","SEDANG","DKI5"
"8/4/2019","71","27","18","80","17","80","o3","SEDANG","DKI3"
"8/5/2019","64","28","0","117","22","117","o3","TIDAK SEHAT","DKI4"
"8/6/2019","66","29","20","140","18","140","o3","TIDAK SEHAT","DKI3"
"8/7/2019","79","28","22","127","14","127","o3","TIDAK SEHAT","DKI3"
"8/8/2019","98","22","24","146","21","146","o3","TIDAK SEHAT","DKI5"
"8/9/2019","74","29","21","119","18","119","o3","TIDAK SEHAT","DKI3"
"8/10/2019","82","29","24","100","18","100","o3","SEDANG","DKI3"
"8/11/2019","68","27","21","72","9","72","o3","SEDANG","DKI3"
"8/12/2019","71","27","17","73","10","73","o3","SEDANG","DKI3"
"8/13/2019","70","29","21","57","10","70","pm10","SEDANG","DKI2"
"8/14/2019","67","28","19","69","18","69","o3","SEDANG","DKI5"
"8/15/2019","72","28","22","102","17","102","o3","TIDAK SEHAT","DKI4"
"8/16/2019","92","28","48","207","19","207","o3","SANGAT TIDAK SEHAT","DKI5"
"8/17/2019","71","27","22","174","14","174","o3","TIDAK SEHAT","DKI5"
"8/18/2019","69","27","25","108","10","108","o3","TIDAK SEHAT","DKI5"
"8/19/2019","71","29","25","185","19","185","o3","TIDAK SEHAT","DKI4"
"8/20/2019","75","31","23","171","18","171","o3","TIDAK SEHAT","DKI5"
"8/21/2019","70","30","20","76","11","76","o3","SEDANG","DKI3"
"8/22/2019","70","21","20","88","14","88","o3","SEDANG","DKI5"
"8/23/2019","81","28","29","201","18","201","o3","SANGAT TIDAK SEHAT","DKI5"
"8/24/2019","77","28","22","171","19","171","o3","TIDAK SEHAT","DKI5"
"8/25/2019","66","29","17","128","12","128","o3","TIDAK SEHAT","DKI5"
"8/26/2019","78","30","22","184","16","184","o3","TIDAK SEHAT","DKI5"
"8/27/2019","79","35","24","149","22","149","o3","TIDAK SEHAT","DKI5"
"8/28/2019","69","27","28","108","17","108","o3","TIDAK SEHAT","DKI5"
"8/29/2019","76","28","28","132","14","132","o3","TIDAK SEHAT","DKI5"
"8/30/2019","72","30","22","96","12","96","o3","SEDANG","DKI5"
"8/31/2019","76","29","30","78","15","78","o3","SEDANG","DKI3"
"4/1/2019","68","21","37","167","20","167","o3","TIDAK SEHAT","DKI5"
"4/2/2019","72","21","49","101","15","101","o3","TIDAK SEHAT","DKI5"
"4/3/2019","69","21","44","146","18","146","o3","TIDAK SEHAT","DKI5"
"4/4/2019","61","21","30","172","17","172","o3","TIDAK SEHAT","DKI5"
"4/5/2019","59","25","25","83","18","83","o3","SEDANG","DKI5"
"4/6/2019","74","21","38","195","23","195","o3","TIDAK SEHAT","DKI5"
"4/7/2019","72","21","41","243","13","243","o3","SANGAT TIDAK SEHAT","DKI5"
"4/8/2019","57","22","24","235","17","235","o3","SANGAT TIDAK SEHAT","DKI5"
"4/9/2019","72","25","27","127","18","127","o3","TIDAK SEHAT","DKI3"
"4/10/2019","82","25","32","199","27","199","o3","TIDAK SEHAT","DKI3"
"4/11/2019","69","23","23","153","17","153","o3","TIDAK SEHAT","DKI3"
"4/12/2019","55","22","38","78","10","78","o3","SEDANG","DKI2"
"4/13/2019","55","21","42","62","10","62","o3","SEDANG","DKI2"
"4/14/2019","45","22","37","112","14","112","o3","TIDAK SEHAT","DKI3"
"4/15/2019","64","22","39","122","23","122","o3","TIDAK SEHAT","DKI3"
"4/16/2019","62","22","43","119","16","119","o3","TIDAK SEHAT","DKI5"
"4/17/2019","69","22","39","80","16","80","o3","SEDANG","DKI4"
"4/18/2019","73","21","26","111","16","111","o3","TIDAK SEHAT","DKI3"
"4/19/2019","60","22","21","42","9","60","pm10","SEDANG","DKI4"
"4/20/2019","33","21","16","105","20","105","o3","TIDAK SEHAT","DKI3"
"4/21/2019","60","22","27","110","16","110","o3","TIDAK SEHAT","DKI3"
"4/22/2019","60","23","24","63","9","63","o3","SEDANG","DKI3"
"4/23/2019","63","24","18","73","10","73","o3","SEDANG","DKI3"
"4/24/2019","57","22","20","72","15","72","o3","SEDANG","DKI3"
"4/25/2019","67","22","45","85","12","85","o3","SEDANG","DKI3"
"4/26/2019","42","21","22","124","22","124","o3","TIDAK SEHAT","DKI3"
"4/27/2019","55","21","38","90","11","90","o3","SEDANG","DKI3"
"4/28/2019","65","22","46","78","11","78","o3","SEDANG","DKI5"
"4/29/2019","56","22","35","130","19","130","o3","TIDAK SEHAT","DKI3"
"4/30/2019","59","22","29","111","21","111","o3","TIDAK SEHAT","DKI3"
"12/1/2019","63","34","30","117","10","117","o3","TIDAK SEHAT","DKI4"
"12/2/2019","53","35","21","136","14","136","o3","TIDAK SEHAT","DKI5"
"12/3/2019","68","23","28","107","16","107","o3","TIDAK SEHAT","DKI5"
"12/4/2019","61","36","29","125","13","125","o3","TIDAK SEHAT","DKI4"
"12/5/2019","61","34","22","143","13","143","o3","TIDAK SEHAT","DKI4"
"12/6/2019","61","35","25","159","11","159","o3","TIDAK SEHAT","DKI4"
"12/7/2019","48","35","20","86","10","86","o3","SEDANG","DKI4"
"12/8/2019","56","35","29","120","10","120","o3","TIDAK SEHAT","DKI4"
"12/9/2019","71","35","30","155","19","155","o3","TIDAK SEHAT","DKI5"
"12/10/2019","63","35","24","91","12","91","o3","SEDANG","DKI4"
"12/11/2019","74","37","31","184","14","184","o3","TIDAK SEHAT","DKI5"
"12/12/2019","74","36","28","87","14","87","o3","SEDANG","DKI3"
"12/13/2019","71","37","29","120","13","120","o3","TIDAK SEHAT","DKI4"
"12/14/2019","63","37","23","94","13","94","o3","SEDANG","DKI3"
"12/15/2019","63","36","19","99","11","99","o3","SEDANG","DKI5"
"12/16/2019","76","36","22","88","18","88","o3","SEDANG","DKI5"
"12/17/2019","62","36","22","75","12","75","o3","SEDANG","DKI5"
"12/18/2019","58","35","28","140","17","140","o3","TIDAK SEHAT","DKI5"
"12/19/2019","64","37","30","96","14","96","o3","SEDANG","DKI4"
"12/20/2019","72","38","30","99","16","99","o3","SEDANG","DKI3"
"12/21/2019","72","37","35","109","15","109","o3","TIDAK SEHAT","DKI4"
"12/22/2019","53","36","24","94","13","94","o3","SEDANG","DKI5"
"12/23/2019","60","36","32","99","18","99","o3","SEDANG","DKI5"
"12/24/2019","68","37","34","105","11","105","o3","TIDAK SEHAT","DKI5"
"12/25/2019","58","37","26","73","9","73","o3","SEDANG","DKI5"
"12/26/2019","54","37","22","91","12","91","o3","SEDANG","DKI5"
"12/27/2019","55","38","26","84","11","84","o3","SEDANG","DKI4"
"12/28/2019","64","37","34","61","11","64","pm10","SEDANG","DKI2"
"12/29/2019","64","38","36","69","10","69","o3","SEDANG","DKI5"
"12/30/2019","77","37","55","89","9","89","o3","SEDANG","DKI2"
"12/31/2019","52","37","23","55","9","55","o3","SEDANG","DKI3"
"2/1/2019","61","20","47","93","12","93","o3","SEDANG","DKI1"
"2/2/2019","61","37","47","79","14","79","o3","SEDANG","DKI3"
"2/3/2019","64","26","34","95","13","95","o3","SEDANG","DKI3"
"2/4/2019","56","27","27","86","10","86","o3","SEDANG","DKI3"
"2/5/2019","57","20","36","80","10","80","o3","SEDANG","DKI3"
"2/6/2019","52","26","20","75","13","75","o3","SEDANG","DKI3"
"2/7/2019","70","39","34","65","19","70","pm10","SEDANG","DKI2"
"2/8/2019","63","44","23","132","18","132","o3","TIDAK SEHAT","DKI1"
"2/9/2019","59","24","25","144","22","144","o3","TIDAK SEHAT","DKI1"
"2/10/2019","59","23","28","81","17","81","o3","SEDANG","DKI3"
"2/11/2019","37","19","19","71","16","71","o3","SEDANG","DKI3"
"2/12/2019","56","34","36","94","17","94","o3","SEDANG","DKI3"
"2/13/2019","67","26","43","71","18","71","o3","SEDANG","DKI3"
"2/14/2019","73","35","39","91","17","91","o3","SEDANG","DKI3"
"2/15/2019","54","23","19","89","14","89","o3","SEDANG","DKI3"
"2/16/2019","42","21","15","111","12","111","o3","TIDAK SEHAT","DKI3"
"2/17/2019","55","20","20","79","12","79","o3","SEDANG","DKI3"
"2/18/2019","51","23","31","88","22","88","o3","SEDANG","DKI3"
"2/19/2019","72","26","31","123","21","123","o3","TIDAK SEHAT","DKI5"
"2/20/2019","69","24","41","70","23","70","o3","SEDANG","DKI4"
"2/21/2019","69","26","29","86","18","86","o3","SEDANG","DKI3"
"2/22/2019","60","34","34","77","19","77","o3","SEDANG","DKI3"
"2/23/2019","42","22","24","102","15","102","o3","TIDAK SEHAT","DKI5"
"2/24/2019","57","26","29","88","14","88","o3","SEDANG","DKI3"
"2/25/2019","59","28","32","115","12","115","o3","TIDAK SEHAT","DKI3"
"2/26/2019","61","29","25","88","14","88","o3","SEDANG","DKI3"
"2/27/2019","64","22","24","67","17","67","o3","SEDANG","DKI3"
"2/28/2019","56","21","22","98","13","98","o3","SEDANG","DKI5"
"1/1/2019","29","15","7","71","13","71","o3","SEDANG","DKI2"
"1/2/2019","24","17","6","79","6","79","o3","SEDANG","DKI2"
"1/3/2019","23","16","6","65","4","65","o3","SEDANG","DKI2"
"1/4/2019","42","18","10","64","11","64","o3","SEDANG","DKI2"
"1/5/2019","54","29","16","51","20","54","pm10","SEDANG","DKI3"
"1/6/2019","69","34","30","105","27","105","o3","TIDAK SEHAT","DKI2"
"1/7/2019","71","47","16","132","25","132","o3","TIDAK SEHAT","DKI3"
"1/8/2019","51","22","25","143","26","143","o3","TIDAK SEHAT","DKI3"
"1/9/2019","61","22","28","198","21","198","o3","TIDAK SEHAT","DKI1"
"1/10/2019","59","22","27","128","18","128","o3","TIDAK SEHAT","DKI1"
"1/11/2019","63","23","28","91","13","91","o3","SEDANG","DKI3"
"1/12/2019","57","26","24","90","16","90","o3","SEDANG","DKI3"
"1/13/2019","65","24","28","119","15","119","o3","TIDAK SEHAT","DKI3"
"1/14/2019","65","25","32","99","18","99","o3","SEDANG","DKI1"
"1/15/2019","72","27","26","59","13","72","pm10","SEDANG","DKI3"
"1/16/2019","37","23","19","64","7","64","o3","SEDANG","DKI3"
"1/17/2019","56","23","23","101","14","101","o3","TIDAK SEHAT","DKI1"
"1/18/2019","27","23","16","103","13","103","o3","TIDAK SEHAT","DKI1"
"1/19/2019","44","24","27","127","13","127","o3","TIDAK SEHAT","DKI1"
"1/20/2019","74","30","39","82","17","82","o3","SEDANG","DKI3"
"1/21/2019","62","24","22","94","12","94","o3","SEDANG","DKI3"
"1/22/2019","39","24","23","92","9","92","o3","SEDANG","DKI3"
"1/23/2019","59","23","37","70","14","70","o3","SEDANG","DKI3"
"1/24/2019","51","19","20","81","12","81","o3","SEDANG","DKI3"
"1/25/2019","32","19","25","74","12","74","o3","SEDANG","DKI3"
"1/26/2019","63","22","37","118","17","118","o3","TIDAK SEHAT","DKI1"
"1/27/2019","56","18","49","74","10","74","o3","SEDANG","DKI3"
"1/28/2019","53","20","34","77","15","77","o3","SEDANG","DKI3"
"1/29/2019","48","19","33","88","11","88","o3","SEDANG","DKI3"
"1/30/2019","47","21","32","73","16","73","o3","SEDANG","DKI1"
"1/31/2019","56","23","22","54","17","56","pm10","SEDANG","DKI3"
"7/1/2019","69","26","23","96","15","96","o3","SEDANG","DKI4"
"7/2/2019","71","26","24","108","15","108","o3","TIDAK SEHAT","DKI5"
"7/3/2019","71","28","21","87","16","87","o3","SEDANG","DKI5"
"7/4/2019","77","25","20","78","16","78","o3","SEDANG","DKI2"
"7/5/2019","67","26","23","91","13","91","o3","SEDANG","DKI2"
"7/6/2019","62","27","22","82","13","82","o3","SEDANG","DKI3"
"7/7/2019","63","26","12","58","7","63","pm10","SEDANG","DKI1"
"7/8/2019","61","27","17","84","10","84","o3","SEDANG","DKI3"
"7/9/2019","69","26","22","111","18","111","o3","TIDAK SEHAT","DKI2"
"7/10/2019","64","31","14","91","15","91","o3","SEDANG","DKI3"
"7/11/2019","71","28","20","63","14","71","pm10","SEDANG","DKI4"
"7/12/2019","67","28","17","77","13","77","o3","SEDANG","DKI3"
"7/13/2019","67","27","18","163","14","163","o3","TIDAK SEHAT","DKI4"
"7/14/2019","84","29","22","160","17","160","o3","TIDAK SEHAT","DKI4"
"7/15/2019","70","26","23","77","18","77","o3","SEDANG","DKI3"
"7/16/2019","78","27","24","92","19","92","o3","SEDANG","DKI4"
"7/17/2019","68","27","27","107","19","107","o3","TIDAK SEHAT","DKI5"
"7/18/2019","74","27","23","87","16","87","o3","SEDANG","DKI3"
"7/19/2019","68","28","26","58","18","68","pm10","SEDANG","DKI2"
"7/20/2019","75","27","22","113","22","113","o3","TIDAK SEHAT","DKI5"
"7/21/2019","79","27","18","91","12","91","o3","SEDANG","DKI2"
"7/22/2019","71","25","24","121","21","121","o3","TIDAK SEHAT","DKI5"
"7/23/2019","83","28","23","78","15","83","pm10","SEDANG","DKI2"
"7/24/2019","76","28","20","92","19","92","o3","SEDANG","DKI3"
"7/25/2019","79","28","37","124","25","124","o3","TIDAK SEHAT","DKI5"
"7/26/2019","83","28","21","96","21","96","o3","SEDANG","DKI3"
"7/27/2019","73","27","17","94","13","94","o3","SEDANG","DKI3"
"7/28/2019","90","27","17","115","13","115","o3","TIDAK SEHAT","DKI4"
"7/29/2019","75","27","27","129","17","129","o3","TIDAK SEHAT","DKI3"
"7/30/2019","83","27","26","99","15","99","o3","SEDANG","DKI2"
"6/1/2019","63","23","19","104","15","104","o3","TIDAK SEHAT","DKI2"
"6/2/2019","70","23","23","106","14","106","o3","TIDAK SEHAT","DKI2"
"6/3/2019","55","23","18","89","10","89","o3","SEDANG","DKI3"
"6/4/2019","75","24","20","82","11","82","o3","SEDANG","DKI3"
"6/5/2019","82","25","26","65","13","82","pm10","SEDANG","DKI4"
"6/6/2019","51","23","11","75","9","75","o3","SEDANG","DKI3"
"6/7/2019","51","24","11","54","8","54","o3","SEDANG","DKI4"
"6/8/2019","50","22","13","105","9","105","o3","TIDAK SEHAT","DKI2"
"6/9/2019","51","23","18","98","15","98","o3","SEDANG","DKI5"
"6/10/2019","57","23","20","88","16","88","o3","SEDANG","DKI5"
"6/11/2019","57","24","22","105","22","105","o3","TIDAK SEHAT","DKI5"
"6/12/2019","68","24","22","108","18","108","o3","TIDAK SEHAT","DKI5"
"6/13/2019","79","24","25","148","21","148","o3","TIDAK SEHAT","DKI4"
"6/14/2019","73","25","21","98","16","98","o3","SEDANG","DKI3"
"6/15/2019","57","24","27","112","24","112","o3","TIDAK SEHAT","DKI3"
"6/16/2019","66","24","24","107","17","107","o3","TIDAK SEHAT","DKI3"
"6/17/2019","75","25","24","93","14","93","o3","SEDANG","DKI3"
"6/18/2019","69","27","20","74","12","74","o3","SEDANG","DKI3"
"6/19/2019","80","27","19","92","16","92","o3","SEDANG","DKI5"
"6/20/2019","87","25","34","99","17","99","o3","SEDANG","DKI5"
"6/21/2019","79","27","23","103","13","103","o3","TIDAK SEHAT","DKI3"
"6/22/2019","80","28","19","133","15","133","o3","TIDAK SEHAT","DKI4"
"6/23/2019","72","26","20","134","17","134","o3","TIDAK SEHAT","DKI3"
"6/24/2019","79","27","20","103","13","103","o3","TIDAK SEHAT","DKI5"
"6/25/2019","89","26","25","89","14","89","pm10","SEDANG","DKI2"
"6/26/2019","84","27","21","80","15","84","pm10","SEDANG","DKI2"
"6/27/2019","81","26","25","142","17","142","o3","TIDAK SEHAT","DKI3"
"6/28/2019","69","29","28","143","21","143","o3","TIDAK SEHAT","DKI3"
"6/29/2019","69","29","26","173","17","173","o3","TIDAK SEHAT","DKI2"
"6/30/2019","64","27","16","83","12","83","o3","SEDANG","DKI3"
"3/1/2019","58","19","29","70","15","70","o3","SEDANG","DKI3"
"3/2/2019","50","51","25","62","12","62","o3","SEDANG","DKI3"
"3/3/2019","53","23","22","82","15","82","o3","SEDANG","DKI5"
"3/4/2019","55","22","32","104","22","104","o3","TIDAK SEHAT","DKI3"
"3/5/2019","47","21","28","83","22","83","o3","SEDANG","DKI5"
"3/6/2019","54","21","25","60","19","60","o3","SEDANG","DKI3"
"3/7/2019","55","24","39","112","17","112","o3","TIDAK SEHAT","DKI5"
"3/8/2019","78","25","41","155","27","155","o3","TIDAK SEHAT","DKI3"
"3/9/2019","67","35","29","215","27","215","o3","SANGAT TIDAK SEHAT","DKI5"
"3/10/2019","60","26","23","164","19","164","o3","TIDAK SEHAT","DKI2"
"3/11/2019","55","23","20","55","18","55","pm10","SEDANG","DKI2"
"3/12/2019","41","20","20","51","12","51","o3","SEDANG","DKI3"
"3/13/2019","50","27","28","122","22","122","o3","TIDAK SEHAT","DKI5"
"3/14/2019","58","26","52","162","36","162","o3","TIDAK SEHAT","DKI5"
"3/15/2019","71","29","29","132","35","132","o3","TIDAK SEHAT","DKI5"
"3/16/2019","60","26","43","128","15","128","o3","TIDAK SEHAT","DKI5"
"3/17/2019","51","21","18","82","9","82","o3","SEDANG","DKI5"
"3/18/2019","52","21","18","65","10","65","o3","SEDANG","DKI3"
"3/19/2019","38","20","18","68","6","68","o3","SEDANG","DKI3"
"3/20/2019","38","20","16","65","12","65","o3","SEDANG","DKI5"
"3/21/2019","58","21","21","74","10","74","o3","SEDANG","DKI5"
"3/22/2019","55","20","24","58","12","58","o3","SEDANG","DKI5"
"3/23/2019","40","20","15","75","15","75","o3","SEDANG","DKI5"
"3/24/2019","36","20","9","55","4","55","o3","SEDANG","DKI5"
"3/25/2019","40","20","14","42","7","42","o3","BAIK","DKI5"
"3/26/2019","71","21","36","89","16","89","o3","SEDANG","DKI5"
"3/27/2019","57","22","25","192","15","192","o3","TIDAK SEHAT","DKI5"
"3/28/2019","56","21","36","130","18","130","o3","TIDAK SEHAT","DKI5"
"3/29/2019","62","24","34","182","20","182","o3","TIDAK SEHAT","DKI5"
"3/30/2019","62","24","25","190","16","190","o3","TIDAK SEHAT","DKI5"
"3/31/2019","62","23","35","194","18","194","o3","TIDAK SEHAT","DKI5"
"5/1/2019","53","21","29","80","11","80","o3","SEDANG","DKI5"
"5/2/2019","48","13","18","29","6","48","pm10","BAIK","DKI3"
"5/3/2019","50","26","24","99","16","99","o3","SEDANG","DKI3"
"5/4/2019","72","22","32","92","15","92","o3","SEDANG","DKI3"
"5/5/2019","59","22","34","91","15","91","o3","SEDANG","DKI5"
"5/6/2019","52","16","22","93","13","93","o3","SEDANG","DKI3"
"5/7/2019","71","18","31","89","16","89","o3","SEDANG","DKI3"
"5/8/2019","77","23","52","132","21","132","o3","TIDAK SEHAT","DKI3"
"5/9/2019","69","23","32","149","22","149","o3","TIDAK SEHAT","DKI3"
"5/10/2019","57","22","26","87","16","87","o3","SEDANG","DKI2"
"5/11/2019","52","21","22","65","13","65","o3","SEDANG","DKI5"
"5/12/2019","69","22","24","76","12","76","o3","SEDANG","DKI4"
"11/1/2019","55","34","16","120","14","120","o3","TIDAK SEHAT","DKI2"
"11/2/2019","59","32","17","87","13","87","o3","SEDANG","DKI2"
"11/3/2019","58","34","14","92","12","92","o3","SEDANG","DKI5"
"11/4/2019","57","34","16","137","12","137","o3","TIDAK SEHAT","DKI2"
"11/5/2019","70","34","19","193","17","193","o3","TIDAK SEHAT","DKI5"
"11/6/2019","65","33","27","156","17","156","o3","TIDAK SEHAT","DKI5"
"11/7/2019","68","35","24","209","21","209","o3","SANGAT TIDAK SEHAT","DKI5"
"11/8/2019","85","35","26","150","24","150","o3","TIDAK SEHAT","DKI4"
"11/9/2019","81","38","17","220","16","220","o3","SANGAT TIDAK SEHAT","DKI5"
"11/10/2019","80","35","16","183","20","183","o3","TIDAK SEHAT","DKI5"
"11/11/2019","70","36","13","162","18","162","o3","TIDAK SEHAT","DKI4"
"11/12/2019","71","22","22","134","16","134","o3","TIDAK SEHAT","DKI5"
"11/13/2019","80","35","34","125","20","125","o3","TIDAK SEHAT","DKI5"
"11/14/2019","76","34","32","60","15","76","pm10","SEDANG","DKI2"
"11/15/2019","73","37","33","94","11","94","o3","SEDANG","DKI4"
"11/16/2019","66","36","20","81","12","81","o3","SEDANG","DKI3"
"11/17/2019","63","35","20","126","14","126","o3","TIDAK SEHAT","DKI5"
"11/18/2019","69","35","17","165","22","165","o3","TIDAK SEHAT","DKI5"
"11/19/2019","72","35","21","100","17","100","o3","SEDANG","DKI5"
"11/20/2019","53","21","18","134","15","134","o3","TIDAK SEHAT","DKI3"
"11/21/2019","72","36","21","103","14","103","o3","TIDAK SEHAT","DKI2"
"11/22/2019","60","35","27","112","17","112","o3","TIDAK SEHAT","DKI2"
"11/23/2019","85","36","34","146","19","146","o3","TIDAK SEHAT","DKI5"
"11/24/2019","68","37","27","167","13","167","o3","TIDAK SEHAT","DKI5"
"11/25/2019","67","36","23","160","18","160","o3","TIDAK SEHAT","DKI5"
"11/26/2019","81","35","30","125","15","125","o3","TIDAK SEHAT","DKI5"
"11/27/2019","70","34","38","101","12","101","o3","TIDAK SEHAT","DKI5"
"11/28/2019","71","36","28","106","14","106","o3","TIDAK SEHAT","DKI3"
"11/29/2019","63","35","25","124","11","124","o3","TIDAK SEHAT","DKI4"
"11/30/2019","56","34","26","111","13","111","o3","TIDAK SEHAT","DKI4"
"10/1/2019","134","33","20","184","16","184","o3","TIDAK SEHAT","DKI5"
"10/2/2019","79","34","15","153","16","153","o3","TIDAK SEHAT","DKI5"
"10/3/2019","78","31","19","138","21","138","o3","TIDAK SEHAT","DKI5"
"10/4/2019","76","33","19","169","23","169","o3","TIDAK SEHAT","DKI5"
"10/5/2019","73","51","14","89","38","89","o3","SEDANG","DKI5"
"10/6/2019","62","31","10","164","8","164","o3","TIDAK SEHAT","DKI5"
"10/7/2019","73","33","15","100","11","100","o3","SEDANG","DKI5"
"10/8/2019","90","34","22","138","13","138","o3","TIDAK SEHAT","DKI5"
"10/9/2019","68","31","19","130","16","130","o3","TIDAK SEHAT","DKI3"
"10/10/2019","73","32","20","173","18","173","o3","TIDAK SEHAT","DKI5"
"10/11/2019","80","33","21","207","24","207","o3","SANGAT TIDAK SEHAT","DKI5"
"10/12/2019","77","33","31","177","14","177","o3","TIDAK SEHAT","DKI5"
"10/13/2019","70","33","17","173","13","173","o3","TIDAK SEHAT","DKI5"
"10/14/2019","79","34","18","156","13","156","o3","TIDAK SEHAT","DKI5"
"10/15/2019","64","32","18","178","14","178","o3","TIDAK SEHAT","DKI5"
"10/16/2019","74","31","23","144","17","144","o3","TIDAK SEHAT","DKI5"
"10/17/2019","64","31","20","156","12","156","o3","TIDAK SEHAT","DKI5"
"10/18/2019","60","33","17","104","14","104","o3","TIDAK SEHAT","DKI3"
"10/19/2019","75","32","19","78","11","78","o3","SEDANG","DKI3"
"10/20/2019","71","32","24","147","12","147","o3","TIDAK SEHAT","DKI5"
"10/21/2019","73","33","40","87","11","87","o3","SEDANG","DKI5"
"10/22/2019","70","33","16","135","16","135","o3","TIDAK SEHAT","DKI5"
"10/23/2019","70","33","20","140","17","140","o3","TIDAK SEHAT","DKI5"
"10/24/2019","77","34","18","129","18","129","o3","TIDAK SEHAT","DKI3"
"10/25/2019","75","33","19","172","12","172","o3","TIDAK SEHAT","DKI4"
"10/26/2019","75","34","19","180","15","180","o3","TIDAK SEHAT","DKI5"
"10/27/2019","83","34","28","153","12","153","o3","TIDAK SEHAT","DKI5"
"10/28/2019","68","19","21","121","15","121","o3","TIDAK SEHAT","DKI3"
"10/29/2019","85","34","30","97","14","97","o3","SEDANG","DKI3"
"10/30/2019","69","34","21","171","16","171","o3","TIDAK SEHAT","DKI5"
"10/31/2019","76","35","18","120","14","120","o3","TIDAK SEHAT","DKI3"
"9/1/2019","74","22","26","109","10","109","o3","TIDAK SEHAT","DKI5"
"9/2/2019","71","20","24","187","16","187","o3","TIDAK SEHAT","DKI5"
"9/3/2019","73","31","20","141","20","141","o3","TIDAK SEHAT","DKI3"
"9/4/2019","78","30","24","144","13","144","o3","TIDAK SEHAT","DKI5"
"9/5/2019","75","30","26","113","12","113","o3","TIDAK SEHAT","DKI5"
"9/6/2019","74","30","23","127","15","127","o3","TIDAK SEHAT","DKI3"
"9/7/2019","73","30","26","127","15","127","o3","TIDAK SEHAT","DKI5"
"9/8/2019","65","31","20","126","11","126","o3","TIDAK SEHAT","DKI5"
"9/9/2019","67","29","20","106","14","106","o3","TIDAK SEHAT","DKI3"
"9/10/2019","70","30","21","91","13","91","o3","SEDANG","DKI5"
"9/11/2019","75","32","25","160","16","160","o3","TIDAK SEHAT","DKI5"
"9/12/2019","78","30","25","143","18","143","o3","TIDAK SEHAT","DKI5"
"9/13/2019","84","33","23","156","18","156","o3","TIDAK SEHAT","DKI5"
"9/14/2019","76","32","21","156","15","156","o3","TIDAK SEHAT","DKI5"
"9/15/2019","74","31","22","99","14","99","o3","SEDANG","DKI5"
"9/16/2019","67","30","24","74","10","74","o3","SEDANG","DKI5"
"9/17/2019","66","32","21","77","14","77","o3","SEDANG","DKI5"
"9/18/2019","71","32","22","132","16","132","o3","TIDAK SEHAT","DKI3"
"9/19/2019","70","32","25","107","12","107","o3","TIDAK SEHAT","DKI5"
"9/20/2019","66","31","19","91","13","91","o3","SEDANG","DKI5"
"9/21/2019","63","34","16","169","14","169","o3","TIDAK SEHAT","DKI5"
"9/22/2019","78","32","16","153","12","153","o3","TIDAK SEHAT","DKI5"
"9/23/2019","70","33","18","87","12","87","o3","SEDANG","DKI5"
"9/24/2019","73","32","18","112","12","112","o3","TIDAK SEHAT","DKI5"
"9/25/2019","78","26","24","174","17","174","o3","TIDAK SEHAT","DKI5"
"9/26/2019","74","31","21","110","14","110","o3","TIDAK SEHAT","DKI5"
"9/27/2019","72","31","23","131","16","131","o3","TIDAK SEHAT","DKI5"
"9/28/2019","63","33","18","102","10","102","o3","TIDAK SEHAT","DKI5"
"9/29/2019","75","31","19","115","14","115","o3","TIDAK SEHAT","DKI5"
"9/30/2019","71","31","18","146","14","146","o3","TIDAK SEHAT","DKI5"
"8/1/2020","69","22","16","134","14","134","o3","TIDAK SEHAT","DKI5"
"8/2/2020","91","27","26","102","16","102","o3","TIDAK SEHAT","DKI2"
"8/3/2020","95","26","19","90","16","95","pm10","SEDANG","DKI4"
"8/4/2020","73","27","12","91","12","91","o3","SEDANG","DKI5"
"8/5/2020","86","26","15","84","15","86","pm10","SEDANG","DKI4"
"8/6/2020","88","27","21","108","16","108","o3","TIDAK SEHAT","DKI5"
"8/7/2020","81","26","18","119","14","119","o3","TIDAK SEHAT","DKI5"
"8/8/2020","79","28","17","79","14","79","pm10","SEDANG","DKI4"
"8/9/2020","74","25","17","82","12","82","o3","SEDANG","DKI5"
"8/10/2020","81","25","19","76","12","81","pm10","SEDANG","DKI4"
"8/11/2020","96","26","19","78","12","96","pm10","SEDANG","DKI4"
"8/12/2020","93","25","37","68","18","93","pm10","SEDANG","DKI4"
"8/13/2020","81","24","19","58","13","81","pm10","SEDANG","DKI4"
"8/14/2020","41","21","21","68","17","68","o3","SEDANG","DKI5"
"8/15/2020","58","23","24","59","14","59","o3","SEDANG","DKI5"
"8/16/2020","52","24","20","68","10","68","o3","SEDANG","DKI3"
"8/17/2020","56","22","17","67","10","67","o3","SEDANG","DKI5"
"8/18/2020","75","25","19","99","14","99","o3","SEDANG","DKI5"
"8/19/2020","80","33","29","82","18","82","o3","SEDANG","DKI3"
"8/20/2020","62","30","18","64","13","64","o3","SEDANG","DKI3"
"8/21/2020","71","32","10","58","10","71","pm10","SEDANG","DKI4"
"8/22/2020","84","31","20","63","16","84","pm10","SEDANG","DKI4"
"8/23/2020","72","33","27","88","14","88","o3","SEDANG","DKI5"
"8/24/2020","79","31","17","68","14","79","pm10","SEDANG","DKI4"
"8/25/2020","74","33","13","75","17","75","o3","SEDANG","DKI5"
"8/26/2020","63","31","9","100","11","100","o3","SEDANG","DKI5"
"8/27/2020","57","31","10","80","11","80","o3","SEDANG","DKI5"
"8/28/2020","84","33","15","67","16","84","pm10","SEDANG","DKI4"
"8/29/2020","70","33","12","71","12","71","o3","SEDANG","DKI5"
"8/30/2020","74","33","15","79","10","79","o3","SEDANG","DKI5"
"8/31/2020","69","33","13","134","14","134","o3","TIDAK SEHAT","DKI5"
"4/1/2020","51","25","35","129","10","129","o3","TIDAK SEHAT","DKI5"
"4/2/2020","55","25","22","57","7","57","o3","SEDANG","DKI2"
"4/3/2020","55","27","22","62","6","62","o3","SEDANG","DKI2"
"4/4/2020","66","28","25","83","7","83","o3","SEDANG","DKI2"
"4/5/2020","66","28","19","103","8","103","o3","TIDAK SEHAT","DKI5"
"4/6/2020","56","26","29","73","9","73","o3","SEDANG","DKI5"
"4/7/2020","42","25","23","56","9","56","o3","SEDANG","DKI5"
"4/8/2020","33","26","13","69","7","69","o3","SEDANG","DKI5"
"4/9/2020","59","28","19","73","10","73","o3","SEDANG","DKI5"
"4/10/2020","65","27","26","132","12","132","o3","TIDAK SEHAT","DKI5"
"4/11/2020","109","27","18","135","6","135","o3","TIDAK SEHAT","DKI5"
"4/12/2020","82","27","31","136","13","136","o3","TIDAK SEHAT","DKI5"
"4/13/2020","52","26","17","86","9","86","o3","SEDANG","DKI5"
"4/14/2020","54","28","22","109","10","109","o3","TIDAK SEHAT","DKI5"
"4/15/2020","57","27","19","109","11","109","o3","TIDAK SEHAT","DKI5"
"4/16/2020","60","27","17","87","13","87","o3","SEDANG","DKI5"
"4/17/2020","60","27","19","92","11","92","o3","SEDANG","DKI3"
"4/18/2020","53","28","15","100","10","100","o3","SEDANG","DKI5"
"4/19/2020","73","29","20","147","14","147","o3","TIDAK SEHAT","DKI5"
"4/20/2020","78","28","20","116","9","116","o3","TIDAK SEHAT","DKI5"
"4/21/2020","69","28","17","59","10","69","pm10","SEDANG","DKI4"
"4/22/2020","111","31","26","75","11","111","pm10","TIDAK SEHAT","DKI4"
"4/23/2020","66","27","17","88","9","88","o3","SEDANG","DKI5"
"4/24/2020","71","27","22","70","8","71","pm10","SEDANG","DKI4"
"4/25/2020","64","26","29","77","9","77","o3","SEDANG","DKI5"
"4/26/2020","75","26","23","101","10","101","o3","TIDAK SEHAT","DKI5"
"4/27/2020","51","25","18","131","8","131","o3","TIDAK SEHAT","DKI5"
"4/28/2020","59","20","22","82","13","82","o3","SEDANG","DKI5"
"4/29/2020","67","25","19","85","11","85","o3","SEDANG","DKI5"
"4/30/2020","80","22","37","77","17","80","pm10","SEDANG","DKI4"
"2/1/2020","57","30","39","73","14","73","o3","SEDANG","DKI5"
"2/2/2020","52","30","35","64","12","64","o3","SEDANG","DKI5"
"2/3/2020","59","30","50","46","15","59","pm10","SEDANG","DKI4"
"2/4/2020","43","30","53","51","14","53","co","SEDANG","DKI3"
"2/5/2020","67","30","57","52","12","67","pm10","SEDANG","DKI3"
"2/6/2020","63","30","26","50","18","63","pm10","SEDANG","DKI2"
"2/7/2020","55","28","28","50","16","55","pm10","SEDANG","DKI5"
"2/8/2020","74","30","24","67","12","74","pm10","SEDANG","DKI4"
"2/9/2020","48","30","35","50","12","50","o3","BAIK","DKI5"
"2/10/2020","51","31","27","91","15","91","o3","SEDANG","DKI2"
"2/11/2020","75","32","26","98","16","98","o3","SEDANG","DKI4"
"2/12/2020","65","35","19","126","19","126","o3","TIDAK SEHAT","DKI3"
"2/13/2020","63","33","23","83","20","83","o3","SEDANG","DKI5"
"2/14/2020","81","33","36","60","18","81","pm10","SEDANG","DKI4"
"2/15/2020","74","26","51","191","17","191","o3","TIDAK SEHAT","DKI4"
"2/16/2020","70","23","35","118","16","118","o3","TIDAK SEHAT","DKI4"
"2/17/2020","43","21","30","170","12","170","o3","TIDAK SEHAT","DKI4"
"2/18/2020","62","30","55","182","15","182","o3","TIDAK SEHAT","DKI5"
"2/19/2020","54","22","28","62","11","62","o3","SEDANG","DKI5"
"2/20/2020","43","20","21","73","13","73","o3","SEDANG","DKI5"
"2/21/2020","35","20","25","80","14","80","o3","SEDANG","DKI4"
"2/22/2020","58","19","75","85","13","85","o3","SEDANG","DKI4"
"2/23/2020","39","15","37","88","9","88","o3","SEDANG","DKI5"
"2/24/2020","32","19","21","89","9","89","o3","SEDANG","DKI5"
"2/25/2020","40","19","25","92","13","92","o3","SEDANG","DKI4"
"2/26/2020","52","19","27","89","13","89","o3","SEDANG","DKI4"
"2/27/2020","54","18","40","84","13","84","o3","SEDANG","DKI4"
"2/28/2020","56","21","33","121","16","121","o3","TIDAK SEHAT","DKI5"
"2/29/2020","64","22","52","144","13","144","o3","TIDAK SEHAT","DKI5"
"1/1/2020","38","36","25","46","9","46","o3","BAIK","DKI5"
"1/2/2020","45","36","39","102","8","102","o3","TIDAK SEHAT","DKI5"
"1/3/2020","51","37","27","63","10","63","o3","SEDANG","DKI5"
"1/4/2020","51","38","19","85","10","85","o3","SEDANG","DKI5"
"1/5/2020","52","39","25","62","9","62","o3","SEDANG","DKI5"
"1/6/2020","62","37","39","64","9","64","o3","SEDANG","DKI5"
"1/7/2020","50","38","39","66","11","66","o3","SEDANG","DKI5"
"1/8/2020","52","40","22","70","11","70","o3","SEDANG","DKI5"
"1/9/2020","82","38","58","71","13","82","pm10","SEDANG","DKI4"
"1/10/2020","44","37","27","47","9","47","o3","BAIK","DKI5"
"1/11/2020","44","38","25","80","9","80","o3","SEDANG","DKI5"
"1/12/2020","43","38","17","46","5","46","o3","BAIK","DKI5"
"1/13/2020","42","38","15","51","8","51","o3","SEDANG","DKI4"
"1/14/2020","40","32","17","48","9","48","o3","BAIK","DKI4"
"1/15/2020","44","29","16","63","9","63","o3","SEDANG","DKI3"
"1/16/2020","70","60","41","78","12","78","o3","SEDANG","DKI3"
"1/17/2020","86","34","40","125","20","125","o3","TIDAK SEHAT","DKI4"
"1/18/2020","59","30","25","75","7","75","o3","SEDANG","DKI4"
"1/19/2020","76","34","71","110","15","110","o3","TIDAK SEHAT","DKI3"
"1/20/2020","56","31","20","65","9","65","o3","SEDANG","DKI3"
"1/21/2020","62","36","41","50","15","62","pm10","SEDANG","DKI3"
"1/22/2020","82","36","43","64","15","82","pm10","SEDANG","DKI4"
"1/23/2020","60","32","29","59","18","60","pm10","SEDANG","DKI4"
"1/24/2020","71","30","31","44","13","71","pm10","SEDANG","DKI4"
"1/25/2020","40","29","34","80","12","80","o3","SEDANG","DKI5"
"1/26/2020","63","30","51","89","11","89","o3","SEDANG","DKI5"
"1/27/2020","48","30","29","83","13","83","o3","SEDANG","DKI2"
"1/28/2020","72","31","39","74","17","74","o3","SEDANG","DKI3"
"1/29/2020","70","30","42","92","19","92","o3","SEDANG","DKI4"
"1/30/2020","38","30","21","80","20","80","o3","SEDANG","DKI4"
"1/31/2020","56","30","27","54","16","56","pm10","SEDANG","DKI4"
"7/1/2020","74","29","15","94","14","94","o3","SEDANG","DKI5"
"7/2/2020","79","24","20","71","13","79","pm10","SEDANG","DKI2"
"7/3/2020","58","27","23","88","14","88","o3","SEDANG","DKI3"
"7/4/2020","70","23","16","71","14","71","o3","SEDANG","DKI3"
"7/5/2020","67","24","16","57","12","67","pm10","SEDANG","DKI4"
"7/6/2020","75","39","16","66","16","75","pm10","SEDANG","DKI2"
"7/7/2020","57","30","15","63","16","63","o3","SEDANG","DKI5"
"7/8/2020","69","28","15","90","15","90","o3","SEDANG","DKI5"
"7/9/2020","60","22","14","102","12","102","o3","TIDAK SEHAT","DKI2"
"7/10/2020","70","24","21","113","19","113","o3","TIDAK SEHAT","DKI3"
"7/11/2020","86","23","20","111","16","111","o3","TIDAK SEHAT","DKI3"
"7/12/2020","68","22","24","79","9","79","o3","SEDANG","DKI5"
"7/13/2020","68","25","20","71","13","71","o3","SEDANG","DKI3"
"7/14/2020","69","23","15","71","16","71","o3","SEDANG","DKI2"
"7/15/2020","63","22","14","51","12","63","pm10","SEDANG","DKI4"
"7/16/2020","55","27","13","52","11","55","pm10","SEDANG","DKI2"
"7/17/2020","66","31","17","68","14","68","o3","SEDANG","DKI5"
"7/18/2020","59","25","17","84","15","84","o3","SEDANG","DKI5"
"7/19/2020","71","25","21","90","10","90","o3","SEDANG","DKI5"
"7/20/2020","66","20","14","119","12","119","o3","TIDAK SEHAT","DKI5"
"7/21/2020","87","24","48","95","14","95","o3","SEDANG","DKI5"
"7/22/2020","63","23","20","75","15","75","o3","SEDANG","DKI5"
"7/23/2020","63","25","15","130","11","130","o3","TIDAK SEHAT","DKI5"
"7/24/2020","67","24","18","98","13","98","o3","SEDANG","DKI5"
"7/25/2020","69","24","13","92","11","92","o3","SEDANG","DKI5"
"7/26/2020","62","26","11","79","10","79","o3","SEDANG","DKI3"
"7/27/2020","67","31","12","89","12","89","o3","SEDANG","DKI5"
"7/28/2020","71","24","21","160","14","160","o3","TIDAK SEHAT","DKI5"
"7/29/2020","67","24","17","164","14","164","o3","TIDAK SEHAT","DKI5"
"7/30/2020","76","24","14","136","14","136","o3","TIDAK SEHAT","DKI3"
"7/31/2020","68","25","13","115","14","115","o3","TIDAK SEHAT","DKI2"
"6/1/2020","61","23","22","69","10","69","o3","SEDANG","DKI5"
"6/2/2020","50","22","20","57","8","57","o3","SEDANG","DKI5"
"6/3/2020","47","21","14","48","11","48","o3","BAIK","DKI5"
"6/4/2020","56","31","18","41","11","56","pm10","SEDANG","DKI3"
"6/5/2020","62","24","17","96","12","96","o3","SEDANG","DKI5"
"6/6/2020","69","24","16","98","14","98","o3","SEDANG","DKI5"
"6/7/2020","66","26","19","96","15","96","o3","SEDANG","DKI3"
"6/8/2020","72","23","23","56","12","72","pm10","SEDANG","DKI4"
"6/9/2020","81","24","38","61","13","81","pm10","SEDANG","DKI4"
"6/10/2020","67","21","24","61","14","67","pm10","SEDANG","DKI1"
"6/11/2020","63","24","17","79","10","79","o3","SEDANG","DKI5"
"6/12/2020","55","22","14","97","13","97","o3","SEDANG","DKI5"
"6/13/2020","68","24","14","99","12","99","o3","SEDANG","DKI5"
"6/14/2020","64","30","17","97","12","97","o3","SEDANG","DKI5"
"6/15/2020","76","23","18","95","13","95","o3","SEDANG","DKI5"
"6/16/2020","74","24","24","59","11","74","pm10","SEDANG","DKI4"
"6/17/2020","74","23","20","73","12","74","pm10","SEDANG","DKI2"
"6/18/2020","67","24","20","79","9","79","o3","SEDANG","DKI5"
"6/19/2020","57","22","14","75","11","75","o3","SEDANG","DKI5"
"6/20/2020","73","23","20","92","17","92","o3","SEDANG","DKI5"
"6/21/2020","67","22","17","90","10","90","o3","SEDANG","DKI5"
"6/22/2020","71","25","19","69","11","71","pm10","SEDANG","DKI3"
"6/23/2020","58","22","21","70","15","70","o3","SEDANG","DKI2"
"6/24/2020","58","22","16","124","19","124","o3","TIDAK SEHAT","DKI2"
"6/25/2020","80","25","53","85","23","85","o3","SEDANG","DKI5"
"6/26/2020","78","24","23","97","19","97","o3","SEDANG","DKI5"
"6/27/2020","75","25","18","69","14","75","pm10","SEDANG","DKI2"
"6/28/2020","80","25","16","81","11","81","o3","SEDANG","DKI3"
"6/29/2020","78","24","15","90","15","90","o3","SEDANG","DKI5"
"6/30/2020","79","24","18","86","15","86","o3","SEDANG","DKI5"
"5/1/2020","55","26","21","83","10","83","o3","SEDANG","DKI5"
"5/2/2020","36","22","12","80","9","80","o3","SEDANG","DKI5"
"5/3/2020","65","34","35","49","11","65","pm10","SEDANG","DKI5"
"5/4/2020","53","21","14","75","8","75","o3","SEDANG","DKI5"
"5/5/2020","53","22","18","73","9","73","o3","SEDANG","DKI5"
"5/6/2020","52","22","14","63","7","63","o3","SEDANG","DKI5"
"5/7/2020","67","24","18","69","9","69","o3","SEDANG","DKI5"
"5/8/2020","91","22","18","120","10","120","o3","TIDAK SEHAT","DKI5"
"5/9/2020","77","22","22","75","12","77","pm10","SEDANG","DKI4"
"5/10/2020","72","23","27","81","15","81","o3","SEDANG","DKI5"
"5/11/2020","54","24","18","83","8","83","o3","SEDANG","DKI5"
"5/12/2020","57","23","20","81","10","81","o3","SEDANG","DKI5"
"5/13/2020","55","22","17","79","8","79","o3","SEDANG","DKI5"
"5/14/2020","61","23","17","64","12","64","o3","SEDANG","DKI3"
"5/15/2020","66","23","18","62","9","66","pm10","SEDANG","DKI2"
"5/16/2020","65","23","17","77","8","77","o3","SEDANG","DKI5"
"5/17/2020","74","23","18","122","9","122","o3","TIDAK SEHAT","DKI5"
"5/18/2020","62","21","15","79","10","79","o3","SEDANG","DKI5"
"5/19/2020","42","23","15","119","13","119","o3","TIDAK SEHAT","DKI5"
"5/20/2020","61","23","14","73","9","73","o3","SEDANG","DKI4"
"5/21/2020","33","23","14","79","12","79","o3","SEDANG","DKI2"
"5/22/2020","70","22","16","88","17","88","o3","SEDANG","DKI5"
"5/23/2020","42","22","15","87","8","87","o3","SEDANG","DKI5"
"5/24/2020","62","21","26","65","11","65","o3","SEDANG","DKI2"
"5/25/2020","50","25","15","44","9","50","pm10","BAIK","DKI4"
"5/26/2020","52","42","18","45","8","52","pm10","SEDANG","DKI4"
"5/27/2020","37","22","12","76","10","76","o3","SEDANG","DKI2"
"5/28/2020","64","35","16","136","16","136","o3","TIDAK SEHAT","DKI5"
"5/29/2020","62","27","16","134","12","134","o3","TIDAK SEHAT","DKI5"
"5/30/2020","63","38","36","73","11","73","o3","SEDANG","DKI5"
"5/31/2020","54","32","28","66","9","66","o3","SEDANG","DKI5"
"1/1/2021","43","58","29","35","65","65","no2","SEDANG","DKI2"
"1/2/2021","58","86","38","64","80","86","so2","SEDANG","DKI3"
"1/3/2021","64","93","25","62","86","93","so2","SEDANG","DKI3"
"1/4/2021","50","67","24","31","77","77","no2","SEDANG","DKI2"
"1/5/2021","59","89","24","35","77","89","so2","SEDANG","DKI3"
"1/6/2021","73","81","29","66","85","85","no2","SEDANG","DKI2"
"1/7/2021","36","52","22","55","72","72","no2","SEDANG","DKI2"
"1/8/2021","38","68","26","51","71","71","no2","SEDANG","DKI2"
"1/9/2021","60","77","34","42","80","80","no2","SEDANG","DKI2"
"1/10/2021","24","39","16","38","59","59","no2","SEDANG","DKI2"
"1/11/2021","51","72","17","57","68","72","so2","SEDANG","DKI3"
"1/12/2021","29","58","20","44","77","77","no2","SEDANG","DKI2"
"1/13/2021","36","47","17","32","68","68","no2","SEDANG","DKI2"
"1/14/2021","36","78","20","38","65","78","so2","SEDANG","DKI3"
"1/15/2021","52","82","20","56","65","82","so2","SEDANG","DKI3"
"1/16/2021","70","92","19","38","67","92","so2","SEDANG","DKI3"
"1/17/2021","58","86","22","41","93","93","no2","SEDANG","DKI2"
"1/18/2021","51","64","21","37","78","78","no2","SEDANG","DKI2"
"1/19/2021","42","56","19","35","58","58","no2","SEDANG","DKI2"
"1/20/2021","54","45","17","33","72","72","no2","SEDANG","DKI2"
"1/21/2021","63","51","21","38","67","67","no2","SEDANG","DKI2"
"1/22/2021","84","112","32","54","67","112","so2","TIDAK SEHAT","DKI3"
"1/23/2021","89","126","47","61","104","126","so2","TIDAK SEHAT","DKI3"
"1/24/2021","64","90","19","31","75","90","so2","SEDANG","DKI3"
"1/25/2021","62","95","29","67","134","134","no2","TIDAK SEHAT","DKI2"
"1/26/2021","57","79","34","39","71","79","so2","SEDANG","DKI3"
"1/27/2021","33","37","25","20","63","63","no2","SEDANG","DKI2"
"1/28/2021","28","49","25","28","53","53","no2","SEDANG","DKI2"
"1/29/2021","30","53","26","36","65","65","no2","SEDANG","DKI2"
"1/30/2021","46","39","25","32","64","64","no2","SEDANG","DKI2"
"1/31/2021","41","55","24","29","68","68","no2","SEDANG","DKI2"
"2/1/2021","73","38","26","46","34","73","pm10","TIDAK SEHAT","DKI5"
"2/2/2021","53","40","14","55","25","55","o3","SEDANG","DKI3"
"2/3/2021","32","40","11","42","19","42","o3","SEDANG","DKI3"
"2/4/2021","36","40","14","47","24","47","o3","SEDANG","DKI5"
"2/5/2021","29","40","14","45","35","45","o3","SEDANG","DKI3"
"2/6/2021","34","40","8","57","15","57","o3","SEDANG","DKI2"
"2/7/2021","33","40","10","57","13","57","o3","SEDANG","DKI2"
"2/8/2021","26","39","10","54","17","54","o3","SEDANG","DKI2"
"2/9/2021","33","40","13","47","22","47","o3","SEDANG","DKI4"
"2/10/2021","50","40","13","49","16","50","pm10","SEDANG","DKI3"
"2/11/2021","38","43","13","35","17","43","so2","SEDANG","DKI3"
"2/12/2021","63","43","16","33","42","63","pm10","SEDANG","DKI3"
"2/13/2021","59","40","12","40","16","59","pm10","SEDANG","DKI3"
"2/14/2021","55","40","11","42","19","55","pm10","SEDANG","DKI3"
"2/15/2021","42","40","13","37","25","42","pm10","SEDANG","DKI4"
"2/16/2021","43","40","11","42","26","43","pm10","SEDANG","DKI4"
"2/17/2021","46","40","25","41","37","46","pm10","SEDANG","DKI5"
"2/18/2021","53","44","13","41","29","53","pm10","SEDANG","DKI3"
"2/19/2021","32","42","20","41","33","42","so2","SEDANG","DKI5"
"2/20/2021","45","39","13","53","20","53","o3","SEDANG","DKI4"
"2/21/2021","36","39","10","48","17","48","o3","SEDANG","DKI5"
"2/22/2021","68","42","22","41","40","68","pm10","TIDAK SEHAT","DKI3"
"2/23/2021","66","40","16","54","23","66","pm10","SEDANG","DKI3"
"2/24/2021","42","40","10","33","16","42","pm10","SEDANG","DKI4"
"2/25/2021","31","43","12","45","23","45","o3","SEDANG","DKI3"
"2/26/2021","48","43","13","40","20","48","pm10","SEDANG","DKI4"
"2/27/2021","59","44","15","50","31","59","pm10","SEDANG","DKI4"
"2/28/2021","68","40","18","60","18","68","pm10","TIDAK SEHAT","DKI4"
"3/1/2021","62","45","13","38","18","62","pm10","SEDANG","DKI3"
"3/2/2021","55","50","17","53","28","55","pm10","SEDANG","DKI4"
"3/3/2021","59","46","21","50","35","59","pm10","SEDANG","DKI3"
"3/4/2021","62","45","19","49","31","62","pm10","TIDAK SEHAT","DKI4"
"3/5/2021","65","54","16","59","30","65","pm10","SEDANG","DKI2"
"3/6/2021","71","59","25","52","42","71","pm10","SEDANG","DKI4"
"3/7/2021","64","41","23","51","31","64","pm10","TIDAK SEHAT","DKI5"
"3/8/2021","58","40","16","41","22","58","pm10","SEDANG","DKI4"
"3/9/2021","51","41","15","33","22","51","pm10","SEDANG","DKI3"
"3/10/2021","60","42","21","42","39","60","pm10","SEDANG","DKI5"
"3/11/2021","38","39","9","43","21","43","o3","SEDANG","DKI4"
"3/12/2021","66","41","19","45","25","66","pm10","SEDANG","DKI3"
"3/13/2021","53","41","13","41","25","53","pm10","SEDANG","DKI3"
"3/14/2021","52","41","16","37","21","52","pm10","SEDANG","DKI3"
"3/15/2021","55","42","18","49","34","55","pm10","SEDANG","DKI5"
"3/16/2021","67","46","13","57","36","67","pm10","TIDAK SEHAT","DKI4"
"3/17/2021","78","55","20","53","45","78","pm10","TIDAK SEHAT","DKI4"
"3/18/2021","78","45","16","74","40","78","pm10","TIDAK SEHAT","DKI4"
"3/19/2021","73","42","14","59","35","73","pm10","SEDANG","DKI5"
"3/20/2021","65","44","16","56","31","65","pm10","TIDAK SEHAT","DKI3"
"3/21/2021","81","41","16","51","17","81","pm10","TIDAK SEHAT","DKI3"
"3/22/2021","62","41","15","43","18","62","pm10","SEDANG","DKI3"
"3/23/2021","51","41","11","44","16","51","pm10","SEDANG","DKI3"
"3/24/2021","43","40","11","37","15","43","pm10","SEDANG","DKI3"
"3/25/2021","38","41","9","41","17","41","so2","SEDANG","DKI4"
"3/26/2021","57","42","19","53","28","57","pm10","SEDANG","DKI4"
"3/27/2021","62","49","13","63","33","63","o3","SEDANG","DKI4"
"3/28/2021","57","43","15","71","31","71","o3","SEDANG","DKI5"
"3/29/2021","65","48","19","67","37","67","o3","SEDANG","DKI5"
"3/30/2021","59","42","15","55","30","59","pm10","SEDANG","DKI4"
"3/31/2021","56","43","18","48","25","56","pm10","SEDANG","DKI4"
"4/1/2021","28","41","11","43","19","43","o3","SEDANG","DKI3"
"4/2/2021","51","44","11","42","19","51","pm10","SEDANG","DKI3"
"4/3/2021","39","42","9","57","22","57","o3","SEDANG","DKI4"
"4/4/2021","68","43","30","49","37","68","pm10","TIDAK SEHAT","DKI3"
"4/5/2021","61","43","15","59","28","61","pm10","SEDANG","DKI3"
"4/6/2021","43","43","10","36","18","43","pm10","SEDANG","DKI2"
"4/7/2021","30","42","11","43","19","43","o3","SEDANG","DKI2"
"4/8/2021","39","51","12","40","22","51","so2","SEDANG","DKI2"
"4/9/2021","55","43","14","49","28","55","pm10","SEDANG","DKI5"
"4/10/2021","64","43","16","50","29","64","pm10","TIDAK SEHAT","DKI3"
"4/11/2021","66","50","18","60","31","66","pm10","TIDAK SEHAT","DKI4"
"4/12/2021","69","51","20","54","31","69","pm10","SEDANG","DKI2"
"4/13/2021","70","63","18","64","40","70","pm10","SEDANG","DKI2"
"4/14/2021","65","55","16","65","32","65","pm10","SEDANG","DKI2"
"4/15/2021","67","55","27","50","42","67","pm10","SEDANG","DKI5"
"4/16/2021","69","55","20","50","44","69","pm10","SEDANG","DKI2"
"4/17/2021","67","43","20","39","41","67","pm10","TIDAK SEHAT","DKI5"
"4/18/2021","57","42","16","32","26","57","pm10","SEDANG","DKI5"
"4/19/2021","63","52","14","41","30","63","pm10","TIDAK SEHAT","DKI5"
"4/20/2021","64","52","12","55","30","64","pm10","SEDANG","DKI2"
"4/21/2021","76","56","19","50","37","76","pm10","TIDAK SEHAT","DKI5"
"4/22/2021","63","52","14","60","40","63","pm10","SEDANG","DKI4"
"4/23/2021","75","51","16","65","42","75","pm10","TIDAK SEHAT","DKI4"
"4/24/2021","88","61","18","73","40","88","pm10","TIDAK SEHAT","DKI2"
"4/25/2021","74","55","17","58","36","74","pm10","TIDAK SEHAT","DKI4"
"4/26/2021","64","52","11","59","24","64","pm10","TIDAK SEHAT","DKI4"
"4/27/2021","75","51","12","65","28","75","pm10","TIDAK SEHAT","DKI4"
"4/28/2021","61","51","15","56","34","61","pm10","SEDANG","DKI4"
"4/29/2021","69","60","17","44","38","69","pm10","SEDANG","DKI2"
"4/30/2021","71","57","18","55","42","71","pm10","SEDANG","DKI2"
"5/1/2021","66","51","15","57","33","66","pm10","TIDAK SEHAT","DKI3"
"5/2/2021","55","47","13","53","17","55","pm10","SEDANG","DKI4"
"5/3/2021","61","50","10","51","20","61","pm10","SEDANG","DKI4"
"5/4/2021","74","54","18","39","26","74","pm10","TIDAK SEHAT","DKI4"
"5/5/2021","73","53","20","45","38","73","pm10","TIDAK SEHAT","DKI4"
"5/6/2021","57","53","16","66","38","66","o3","SEDANG","DKI4"
"5/7/2021","67","61","26","151","45","151","o3","TIDAK SEHAT","DKI3"
"5/8/2021","60","53","12","71","28","71","o3","SEDANG","DKI4"
"5/9/2021","46","46","9","61","21","61","o3","SEDANG","DKI4"
"5/10/2021","55","51","10","66","21","66","o3","SEDANG","DKI3"
"5/11/2021","69","50","12","57","24","69","pm10","TIDAK SEHAT","DKI4"
"5/12/2021","67","52","10","63","21","67","pm10","TIDAK SEHAT","DKI4"
"5/13/2021","81","49","14","48","20","81","pm10","TIDAK SEHAT","DKI5"
"5/14/2021","56","51","9","52","14","56","pm10","SEDANG","DKI5"
"5/15/2021","62","54","11","40","19","62","pm10","SEDANG","DKI4"
"5/16/2021","54","50","9","52","16","54","pm10","SEDANG","DKI4"
"5/17/2021","54","55","11","51","24","55","so2","SEDANG","DKI5"
"5/18/2021","41","48","10","49","26","49","o3","SEDANG","DKI3"
"5/19/2021","61","52","17","55","36","61","pm10","SEDANG","DKI4"
"5/20/2021","66","53","12","56","27","66","pm10","TIDAK SEHAT","DKI4"
"5/21/2021","60","58","15","65","34","65","o3","SEDANG","DKI4"
"5/22/2021","64","62","16","66","36","66","o3","SEDANG","DKI2"
"5/23/2021","73","64","31","57","40","73","pm10","TIDAK SEHAT","DKI5"
"5/24/2021","86","74","26","72","38","86","pm10","TIDAK SEHAT","DKI4"
"5/25/2021","56","52","15","66","35","66","o3","SEDANG","DKI5"
"5/26/2021","62","52","12","64","24","64","o3","SEDANG","DKI4"
"5/27/2021","60","52","10","62","20","62","o3","SEDANG","DKI4"
"5/28/2021","66","53","12","63","24","66","pm10","SEDANG","DKI4"
"5/29/2021","60","46","14","66","32","66","o3","SEDANG","DKI4"
"5/30/2021","53","55","17","51","29","55","so2","SEDANG","DKI4"
"5/31/2021","62","49","20","71","37","71","o3","SEDANG","DKI4"
"6/1/2021","73","50","18","64","35","73","pm10","TIDAK SEHAT","DKI3"
"6/2/2021","68","54","20","76","38","76","o3","SEDANG","DKI4"
"6/3/2021","68","57","20","61","41","68","pm10","SEDANG","DKI2"
"6/4/2021","66","48","13","76","30","76","o3","SEDANG","DKI4"
"6/5/2021","64","51","20","65","38","65","o3","SEDANG","DKI4"
"6/6/2021","63","50","15","72","32","72","o3","SEDANG","DKI3"
"6/7/2021","61","52","15","68","31","68","o3","SEDANG","DKI4"
"6/8/2021","70","53","16","72","38","72","o3","TIDAK SEHAT","DKI4"
"6/9/2021","68","54","14","67","34","68","pm10","TIDAK SEHAT","DKI4"
"6/10/2021","71","56","23","48","47","71","pm10","TIDAK SEHAT","DKI4"
"6/11/2021","65","51","15","61","40","65","pm10","SEDANG","DKI4"
"6/12/2021","67","54","17","57","35","67","pm10","SEDANG","DKI4"
"6/13/2021","55","52","14","58","25","58","o3","SEDANG","DKI4"
"6/14/2021","69","53","13","58","26","69","pm10","TIDAK SEHAT","DKI4"
"6/15/2021","73","52","13","44","29","73","pm10","TIDAK SEHAT","DKI3"
"6/16/2021","67","66","25","43","55","67","pm10","SEDANG","DKI5"
"6/17/2021","66","51","28","44","41","66","pm10","TIDAK SEHAT","DKI4"
"6/18/2021","77","59","23","49","45","77","pm10","TIDAK SEHAT","DKI4"
"6/19/2021","64","59","21","41","45","64","pm10","TIDAK SEHAT","DKI4"
"6/20/2021","81","66","26","44","58","81","pm10","TIDAK SEHAT","DKI4"
"6/21/2021","62","55","16","44","35","62","pm10","SEDANG","DKI4"
"6/22/2021","59","54","16","38","35","59","pm10","SEDANG","DKI4"
"6/23/2021","66","52","17","51","43","66","pm10","TIDAK SEHAT","DKI4"
"6/24/2021","80","54","19","42","52","80","pm10","TIDAK SEHAT","DKI4"
"6/25/2021","85","58","30","40","63","85","pm10","TIDAK SEHAT","DKI4"
"6/26/2021","67","53","10","53","23","67","pm10","TIDAK SEHAT","DKI4"
"6/27/2021","72","57","22","57","41","72","pm10","TIDAK SEHAT","DKI4"
"6/28/2021","65","53","18","61","38","65","pm10","TIDAK SEHAT","DKI4"
"6/29/2021","75","52","24","51","50","75","pm10","TIDAK SEHAT","DKI5"
"6/30/2021","79","57","19","55","38","79","pm10","TIDAK SEHAT","DKI4"
"7/1/2021","64","53","14","48","31","64","pm10","TIDAK SEHAT","DKI4"
"7/2/2021","68","56","23","40","51","68","pm10","TIDAK SEHAT","DKI4"
"7/3/2021","80","54","13","44","27","80","pm10","TIDAK SEHAT","DKI4"
"7/4/2021","94","51","15","50","25","94","pm10","TIDAK SEHAT","DKI4"
"7/5/2021","83","56","13","62","26","83","pm10","TIDAK SEHAT","DKI4"
"7/6/2021","68","51","10","55","29","68","pm10","TIDAK SEHAT","DKI3"
"7/7/2021","84","54","12","51","27","84","pm10","TIDAK SEHAT","DKI4"
"7/8/2021","83","56","11","50","26","83","pm10","TIDAK SEHAT","DKI4"
"7/9/2021","92","59","11","56","26","92","pm10","TIDAK SEHAT","DKI4"
"7/10/2021","78","54","10","63","23","78","pm10","TIDAK SEHAT","DKI4"
"7/11/2021","66","54","10","54","17","66","pm10","TIDAK SEHAT","DKI4"
"7/12/2021","64","52","9","44","14","64","pm10","SEDANG","DKI2"
"7/13/2021","78","54","11","43","26","78","pm10","TIDAK SEHAT","DKI2"
"7/14/2021","66","51","13","50","26","66","pm10","TIDAK SEHAT","DKI4"
"7/15/2021","95","62","15","56","30","95","pm10","TIDAK SEHAT","DKI4"
"7/16/2021","85","53","11","53","29","85","pm10","TIDAK SEHAT","DKI4"
"7/17/2021","74","55","10","58","20","74","pm10","TIDAK SEHAT","DKI4"
"7/18/2021","82","55","13","58","27","82","pm10","TIDAK SEHAT","DKI4"
"7/19/2021","80","51","11","77","28","80","pm10","TIDAK SEHAT","DKI4"
"7/20/2021","86","51","15","60","24","86","pm10","TIDAK SEHAT","DKI4"
"7/21/2021","55","52","9","58","19","58","o3","TIDAK SEHAT","DKI4"
"7/22/2021","60","53","11","54","27","60","pm10","TIDAK SEHAT","DKI4"
"7/23/2021","63","52","10","59","28","63","pm10","TIDAK SEHAT","DKI4"
"7/24/2021","66","54","13","51","34","66","pm10","TIDAK SEHAT","DKI4"
"7/25/2021","81","55","24","54","42","81","pm10","TIDAK SEHAT","DKI4"
"7/26/2021","79","54","16","46","32","79","pm10","TIDAK SEHAT","DKI4"
"7/27/2021","82","56","13","41","35","82","pm10","TIDAK SEHAT","DKI4"
"7/28/2021","82","53","18","40","45","82","pm10","TIDAK SEHAT","DKI4"
"7/29/2021","78","52","18","53","39","78","pm10","TIDAK SEHAT","DKI5"
"7/30/2021","90","54","15","81","35","90","pm10","TIDAK SEHAT","DKI4"
"7/31/2021","63","50","18","65","29","65","o3","SEDANG","DKI4"
"8/1/2021","55","50","9","67","22","67","o3","SEDANG","DKI4"
"8/2/2021","52","50","10","59","28","59","o3","SEDANG","DKI4"
"8/3/2021","61","53","12","47","35","61","pm10","TIDAK SEHAT","DKI4"
"8/4/2021","64","53","9","50","26","64","pm10","SEDANG","DKI2"
"8/5/2021","61","55","11","58","27","61","pm10","SEDANG","DKI4"
"8/6/2021","76","58","20","38","52","76","pm10","TIDAK SEHAT","DKI4"
"8/7/2021","63","53","10","48","18","63","pm10","TIDAK SEHAT","DKI4"
"8/8/2021","60","53","9","57","17","60","pm10","SEDANG","DKI4"
"8/9/2021","56","52","8","57","16","57","o3","SEDANG","DKI4"
"8/10/2021","36","48","8","55","19","55","o3","SEDANG","DKI4"
"8/11/2021","61","50","12","59","25","61","pm10","TIDAK SEHAT","DKI4"
"8/12/2021","65","52","10","47","20","65","pm10","TIDAK SEHAT","DKI4"
"8/13/2021","61","51","11","49","32","61","pm10","TIDAK SEHAT","DKI4"
"8/14/2021","73","53","15","53","40","73","pm10","TIDAK SEHAT","DKI5"
"8/15/2021","63","53","12","46","30","63","pm10","TIDAK SEHAT","DKI4"
"8/16/2021","60","54","9","42","21","60","pm10","SEDANG","DKI4"
"8/17/2021","62","51","13","40","22","62","pm10","TIDAK SEHAT","DKI4"
"8/18/2021","62","51","11","42","26","62","pm10","SEDANG","DKI4"
"8/19/2021","72","55","15","28","36","72","pm10","TIDAK SEHAT","DKI4"
"8/20/2021","73","55","12","34","34","73","pm10","TIDAK SEHAT","DKI4"
"8/21/2021","60","51","13","33","35","60","pm10","SEDANG","DKI5"
"8/22/2021","74","52","14","29","29","74","pm10","TIDAK SEHAT","DKI4"
"8/23/2021","66","52","13","33","27","66","pm10","TIDAK SEHAT","DKI4"
"8/24/2021","69","52","12","41","30","69","pm10","TIDAK SEHAT","DKI4"
"8/25/2021","69","51","12","38","34","69","pm10","TIDAK SEHAT","DKI4"
"8/26/2021","64","51","10","31","33","64","pm10","SEDANG","DKI5"
"8/27/2021","63","52","11","32","31","63","pm10","TIDAK SEHAT","DKI4"
"8/28/2021","76","51","11","44","27","76","pm10","TIDAK SEHAT","DKI4"
"8/29/2021","68","52","12","36","29","68","pm10","TIDAK SEHAT","DKI4"
"8/30/2021","87","52","17","39","41","87","pm10","TIDAK SEHAT","DKI4"
"8/31/2021","74","51","19","48","33","74","pm10","TIDAK SEHAT","DKI4"
"9/1/2021","79","55","16","32","38","79","pm10","TIDAK SEHAT","DKI4"
"9/2/2021","66","52","15","39","28","66","pm10","TIDAK SEHAT","DKI4"
"9/3/2021","66","51","11","45","30","66","pm10","TIDAK SEHAT","DKI4"
"9/4/2021","62","50","10","37","28","62","pm10","SEDANG","DKI4"
"9/5/2021","74","52","12","36","28","74","pm10","TIDAK SEHAT","DKI4"
"9/6/2021","73","51","13","34","24","73","pm10","TIDAK SEHAT","DKI4"
"9/7/2021","60","51","11","27","24","60","pm10","SEDANG","DKI4"
"9/8/2021","64","52","16","29","34","64","pm10","TIDAK SEHAT","DKI4"
"9/9/2021","68","54","12","35","31","68","pm10","SEDANG","DKI2"
"9/10/2021","58","53","10","39","32","58","pm10","SEDANG","DKI4"
"9/11/2021","70","53","12","46","41","70","pm10","TIDAK SEHAT","DKI4"
"9/12/2021","66","51","10","36","27","66","pm10","TIDAK SEHAT","DKI4"
"9/13/2021","56","52","9","27","21","56","pm10","SEDANG","DKI4"
"9/14/2021","36","50","8","47","19","50","so2","SEDANG","DKI4"
"9/15/2021","69","54","20","45","45","69","pm10","TIDAK SEHAT","DKI4"
"9/16/2021","53","52","10","52","24","53","pm10","SEDANG","DKI4"
"9/17/2021","50","51","7","53","20","53","o3","SEDANG","DKI4"
"9/18/2021","57","53","9","51","22","57","pm10","TIDAK SEHAT","DKI4"
"9/19/2021","56","50","10","68","19","68","o3","SEDANG","DKI5"
"9/20/2021","58","52","11","54","34","58","pm10","SEDANG","DKI2"
"9/21/2021","61","52","11","58","36","61","pm10","SEDANG","DKI4"
"9/22/2021","64","54","14","48","32","64","pm10","TIDAK SEHAT","DKI4"
"9/23/2021","61","53","10","53","22","61","pm10","TIDAK SEHAT","DKI4"
"9/24/2021","57","53","8","47","26","57","pm10","TIDAK SEHAT","DKI4"
"9/25/2021","55","52","11","50","20","55","pm10","TIDAK SEHAT","DKI4"
"9/26/2021","56","50","10","54","19","56","pm10","SEDANG","DKI4"
"9/27/2021","53","49","12","47","33","53","pm10","SEDANG","DKI4"
"9/28/2021","49","49","10","49","28","49","pm10","SEDANG","DKI2"
"9/29/2021","61","57","13","63","38","63","o3","TIDAK SEHAT","DKI4"
"9/30/2021","71","63","16","63","37","71","pm10","TIDAK SEHAT","DKI4"
"10/1/2021","58","59","11","65","38","65","o3","SEDANG","DKI4"
"10/2/2021","70","61","12","58","35","70","pm10","TIDAK SEHAT","DKI4"
"10/3/2021","70","62","11","53","28","70","pm10","SEDANG","DKI4"
"10/4/2021","62","60","11","64","29","64","o3","TIDAK SEHAT","DKI4"
"10/5/2021","65","67","11","54","33","67","so2","SEDANG","DKI2"
"10/6/2021","66","66","10","58","35","66","pm10","TIDAK SEHAT","DKI4"
"10/7/2021","52","60","9","50","28","60","so2","SEDANG","DKI4"
"10/8/2021","60","64","11","54","35","64","so2","SEDANG","DKI4"
"10/9/2021","55","62","9","60","29","62","so2","SEDANG","DKI4"
"10/10/2021","61","61","9","72","26","72","o3","SEDANG","DKI4"
"10/11/2021","68","64","12","66","30","68","pm10","SEDANG","DKI2"
"10/12/2021","77","76","12","49","35","77","pm10","TIDAK SEHAT","DKI4"
"10/13/2021","57","63","9","58","31","63","so2","SEDANG","DKI4"
"10/14/2021","73","65","12","70","35","73","pm10","TIDAK SEHAT","DKI4"
"10/15/2021","100","64","15","64","37","100","pm10","TIDAK SEHAT","DKI4"
"10/16/2021","68","63","15","63","44","68","pm10","TIDAK SEHAT","DKI4"
"10/17/2021","71","63","15","65","30","71","pm10","TIDAK SEHAT","DKI4"
"10/18/2021","57","58","11","45","26","58","so2","SEDANG","DKI4"
"10/19/2021","52","60","18","42","35","60","so2","SEDANG","DKI5"
"10/20/2021","50","73","11","50","27","73","so2","SEDANG","DKI4"
"10/21/2021","53","61","11","57","32","61","so2","SEDANG","DKI3"
"10/22/2021","73","82","18","46","48","82","so2","TIDAK SEHAT","DKI4"
"10/23/2021","67","81","13","53","36","81","so2","TIDAK SEHAT","DKI4"
"10/24/2021","68","60","17","62","36","68","pm10","TIDAK SEHAT","DKI4"
"10/25/2021","65","62","14","70","37","70","o3","TIDAK SEHAT","DKI4"
"10/26/2021","75","67","16","50","43","75","pm10","TIDAK SEHAT","DKI4"
"10/27/2021","62","64","15","50","39","64","so2","SEDANG","DKI4"
"10/28/2021","54","67","16","56","39","67","so2","SEDANG","DKI4"
"10/29/2021","54","80","19","49","35","80","so2","SEDANG","DKI2"
"10/30/2021","64","81","15","58","40","81","so2","TIDAK SEHAT","DKI4"
"10/31/2021","56","63","28","56","32","63","so2","SEDANG","DKI4"
"11/1/2021","64","77","17","48","41","77","so2","SEDANG","DKI5"
"11/2/2021","54","51","18","49","35","54","pm10","SEDANG","DKI4"
"11/3/2021","52","51","13","73","38","73","o3","SEDANG","DKI4"
"11/4/2021","63","52","17","63","47","63","pm10","SEDANG","DKI2"
"11/5/2021","64","52","23","46","46","64","pm10","SEDANG","DKI4"
"11/6/2021","57","52","13","52","40","57","pm10","SEDANG","DKI4"
"11/7/2021","52","51","10","55","25","55","o3","SEDANG","DKI4"
"11/8/2021","53","52","20","39","41","53","pm10","SEDANG","DKI2"
"11/9/2021","67","51","21","47","38","67","pm10","TIDAK SEHAT","DKI4"
"11/10/2021","61","51","11","36","25","61","pm10","SEDANG","DKI4"
"11/11/2021","47","51","12","36","32","51","so2","SEDANG","DKI4"
"11/12/2021","44","47","10","38","19","47","so2","SEDANG","DKI4"
"11/13/2021","52","47","16","52","40","52","pm10","SEDANG","DKI4"
"11/14/2021","50","47","13","46","34","50","pm10","SEDANG","DKI4"
"11/15/2021","36","47","9","36","17","47","so2","SEDANG","DKI4"
"11/16/2021","53","47","11","41","14","53","pm10","SEDANG","DKI3"
"11/17/2021","60","50","13","45","35","60","pm10","SEDANG","DKI4"
"11/18/2021","63","43","18","56","35","63","pm10","TIDAK SEHAT","DKI4"
"11/19/2021","32","41","7","42","12","42","o3","BAIK","DKI2"
"11/20/2021","37","43","8","41","17","43","so2","SEDANG","DKI4"
"11/21/2021","52","41","19","45","44","52","pm10","SEDANG","DKI3"
"11/22/2021","29","42","7","41","12","42","so2","BAIK","DKI4"
"11/23/2021","25","41","7","41","9","41","so2","SEDANG","DKI2"
"11/24/2021","35","42","8","37","12","42","so2","SEDANG","DKI4"
"11/25/2021","63","42","12","40","21","63","pm10","SEDANG","DKI3"
"11/26/2021","58","41","17","39","31","58","pm10","SEDANG","DKI4"
"11/27/2021","37","41","10","45","22","45","o3","SEDANG","DKI4"
"11/28/2021","19","41","7","47","10","47","o3","BAIK","DKI2"
"11/29/2021","29","42","8","42","12","42","so2","SEDANG","DKI4"
"11/30/2021","46","43","10","44","17","46","pm10","SEDANG","DKI4"
"12/1/2021","63","43","13","41","30","63","pm10","SEDANG","DKI4"
"12/2/2021","35","42","7","40","14","42","so2","SEDANG","DKI4"
"12/3/2021","54","43","9","48","17","54","pm10","SEDANG","DKI4"
"12/4/2021","50","45","13","43","16","50","pm10","SEDANG","DKI3"
"12/5/2021","53","44","17","39","29","53","pm10","SEDANG","DKI4"
"12/6/2021","62","55","23","45","57","62","pm10","SEDANG","DKI3"
"12/7/2021","179","44","12","43","21","179","pm10","TIDAK SEHAT","DKI4"
"12/8/2021","49","45","17","51","30","51","o3","SEDANG","DKI4"
"12/9/2021","46","46","11","51","20","51","o3","SEDANG","DKI4"
"12/10/2021","51","47","14","41","30","51","pm10","SEDANG","DKI4"
"12/11/2021","38","45","8","51","22","51","o3","SEDANG","DKI4"
"12/12/2021","49","43","17","42","34","49","pm10","SEDANG","DKI3"
"12/13/2021","53","44","11","34","23","53","pm10","SEDANG","DKI3"
"12/14/2021","51","46","15","37","26","51","pm10","SEDANG","DKI4"
"12/15/2021","69","44","19","50","30","69","pm10","TIDAK SEHAT","DKI4"
"12/16/2021","78","43","20","34","36","78","pm10","TIDAK SEHAT","DKI4"
"12/17/2021","58","43","18","57","35","58","pm10","SEDANG","DKI4"
"12/18/2021","51","42","18","54","32","54","o3","SEDANG","DKI4"
"12/19/2021","65","41","24","78","45","78","o3","TIDAK SEHAT","DKI4"
"12/20/2021","57","42","13","58","20","58","o3","SEDANG","DKI4"
"12/21/2021","62","42","19","39","49","62","pm10","SEDANG","DKI1"
"12/22/2021","65","56","28","54","65","65","pm10","SEDANG","DKI4"
"12/23/2021","70","57","19","44","44","70","pm10","SEDANG","DKI2"
"12/24/2021","36","53","15","36","52","53","so2","SEDANG","DKI4"
"12/25/2021","56","56","23","35","62","62","no2","SEDANG","DKI4"
"12/26/2021","44","51","15","37","34","51","so2","SEDANG","DKI4"
"12/27/2021","75","61","23","40","47","75","pm10","TIDAK SEHAT","DKI4"
"12/28/2021","59","53","16","34","33","59","pm10","SEDANG","DKI4"
"12/29/2021","61","54","15","37","29","61","pm10","SEDANG","DKI4"
"12/30/2021","60","53","17","38","44","60","pm10","TIDAK SEHAT","DKI4"
"12/31/2021","64","52","44","37","53","64","pm10","SEDANG","DKI4"
